offset,opcode,kind,target
0x000270,0x4EF9,jmp_abs_l,0x00005ACC
0x000276,0x4EF9,jmp_abs_l,0x00006FF2
0x00027C,0x4EF9,jmp_abs_l,0x000071DE
0x000282,0x4EF9,jmp_abs_l,0x000085CC
0x0002B0,0x4EF9,jmp_abs_l,0x000091DA
0x0002B6,0x4EF9,jmp_abs_l,0x000092B4
0x0002BC,0x4EF9,jmp_abs_l,0x0000A04E
0x0002C2,0x4EF9,jmp_abs_l,0x0000A184
0x0002C8,0x4EF9,jmp_abs_l,0x0000A2AE
0x0002CE,0x4EF9,jmp_abs_l,0x0000AAF6
0x0002FA,0x4EB9,jsr_abs_l,0x0000B550
0x000322,0x4EB9,jsr_abs_l,0x0000B600
0x00034C,0x4EB9,jsr_abs_l,0x0000B550
0x00035C,0x4EB9,jsr_abs_l,0x0000963A
0x00037A,0x4EB9,jsr_abs_l,0x00004FDA
0x00038A,0x4EF9,jmp_abs_l,0x0000AFBA
0x000390,0x4EF9,jmp_abs_l,0x0000B1E6
0x000396,0x4EF9,jmp_abs_l,0x0000BBE0
0x00039C,0x4EF9,jmp_abs_l,0x0000C11A
0x0003A2,0x4EF9,jmp_abs_l,0x0000C3B0
0x0003A8,0x4EF9,jmp_abs_l,0x0000DF9E
0x0003E8,0x4EB9,jsr_abs_l,0x00006544
0x000404,0x4EB9,jsr_abs_l,0x0000F4C2
0x000430,0x4EB9,jsr_abs_l,0x00006722
0x0004C2,0x4EB9,jsr_abs_l,0x00006544
0x0004DE,0x4EB9,jsr_abs_l,0x0000F4C2
0x00050A,0x4EB9,jsr_abs_l,0x00006722
0x00058A,0x4EB9,jsr_abs_l,0x0000E30E
0x000590,0x4EB9,jsr_abs_l,0x0000E48E
0x000596,0x4EB9,jsr_abs_l,0x0000E47C
0x00059C,0x4EB9,jsr_abs_l,0x0000E556
0x0005A2,0x4EB9,jsr_abs_l,0x0000E5C4
0x0005B4,0x4EB9,jsr_abs_l,0x0000EA30
0x0005BA,0x4EB9,jsr_abs_l,0x0000E8BC
0x0005C0,0x4EB9,jsr_abs_l,0x0000EA0E
0x0005C6,0x4EB9,jsr_abs_l,0x0000EBD6
0x000612,0x4EB9,jsr_abs_l,0x0000E556
0x000624,0x4EB9,jsr_abs_l,0x0000EA30
0x00062A,0x4EB9,jsr_abs_l,0x0000EA54
0x000630,0x4EB9,jsr_abs_l,0x0000E8E6
0x000636,0x4EB9,jsr_abs_l,0x0000EBD6
0x000678,0x4EB9,jsr_abs_l,0x0000E48E
0x00067E,0x4EB9,jsr_abs_l,0x0000E47C
0x000692,0x4EB9,jsr_abs_l,0x0000EBD6
0x0006D0,0x4EB9,jsr_abs_l,0x0000EBD6
0x0006EC,0x4EB9,jsr_abs_l,0x0000EF48
0x0006F2,0x4EB9,jsr_abs_l,0x00006722
0x000712,0x4EB9,jsr_abs_l,0x00006722
0x000754,0x4EB9,jsr_abs_l,0x0000E50E
0x00076E,0x4EB9,jsr_abs_l,0x0000EBD6
0x00078A,0x4EB9,jsr_abs_l,0x0000EF48
0x0007BA,0x4EB9,jsr_abs_l,0x0000F3C2
0x0007D2,0x4EB9,jsr_abs_l,0x00006544
0x0007E2,0x4EB9,jsr_abs_l,0x0000F4C2
0x0007F6,0x4EB9,jsr_abs_l,0x00006722
0x000808,0x4EB9,jsr_abs_l,0x00006722
0x000836,0x4EB9,jsr_abs_l,0x0000EBD6
0x00086A,0x4EB9,jsr_abs_l,0x0000F3C2
0x000886,0x4EB9,jsr_abs_l,0x0000EBD6
0x0008A6,0x4EB9,jsr_abs_l,0x0000E37E
0x0008AC,0x4EB9,jsr_abs_l,0x0000EA0E
0x0008B2,0x4EB9,jsr_abs_l,0x0000EBD6
0x0008CA,0x4EB9,jsr_abs_l,0x0000F3C2
0x0008D4,0x4EB9,jsr_abs_l,0x0000E864
0x0008DE,0x4EB9,jsr_abs_l,0x0000EBD6
0x000946,0x4EB9,jsr_abs_l,0x0000EB2A
0x000954,0x4EB9,jsr_abs_l,0x0000EB74
0x0009F6,0x4EB9,jsr_abs_l,0x00006544
0x000A12,0x4EB9,jsr_abs_l,0x0000F4C2
0x000A3E,0x4EB9,jsr_abs_l,0x00006722
0x000AD4,0x4EB9,jsr_abs_l,0x00006544
0x000AF0,0x4EB9,jsr_abs_l,0x0000F4C2
0x000B1C,0x4EB9,jsr_abs_l,0x00006722
0x000BCE,0x4EB9,jsr_abs_l,0x0000E37E
0x000BD4,0x4EB9,jsr_abs_l,0x0000E48E
0x000BDA,0x4EB9,jsr_abs_l,0x0000E47C
0x000C0E,0x4EB9,jsr_abs_l,0x0000E9D0
0x000C20,0x4EB9,jsr_abs_l,0x0000E5DA
0x000C28,0x4EB9,jsr_abs_l,0x0000E9D0
0x000C3E,0x4EB9,jsr_abs_l,0x0000EBD6
0x000C7A,0x4EB9,jsr_abs_l,0x00006544
0x000C82,0x4EB9,jsr_abs_l,0x0000E6B0
0x000CA2,0x4EB9,jsr_abs_l,0x0000EBB2
0x000CF0,0x4EB9,jsr_abs_l,0x0000EBD6
0x000D10,0x4EB9,jsr_abs_l,0x0000F4C2
0x000D32,0x4EB9,jsr_abs_l,0x0000E596
0x000D38,0x4EB9,jsr_abs_l,0x0000E400
0x000D4C,0x4EB9,jsr_abs_l,0x0000ED54
0x000D6E,0x4EB9,jsr_abs_l,0x0000F4D4
0x000D8E,0x4EB9,jsr_abs_l,0x0000EA7A
0x000D9A,0x4EB9,jsr_abs_l,0x0000E50E
0x000DB0,0x4EB9,jsr_abs_l,0x0000EBD6
0x000DCE,0x4EB9,jsr_abs_l,0x00006722
0x000DE2,0x4EB9,jsr_abs_l,0x00006722
0x000E56,0x4EB9,jsr_abs_l,0x0000EA7A
0x000E62,0x4EB9,jsr_abs_l,0x0000E50E
0x000E70,0x4EB9,jsr_abs_l,0x0000EBD6
0x000EBC,0x4EB9,jsr_abs_l,0x0000E556
0x000ECE,0x4EB9,jsr_abs_l,0x0000EA30
0x000ED4,0x4EB9,jsr_abs_l,0x0000EA54
0x000EDA,0x4EB9,jsr_abs_l,0x0000EBD6
0x000F46,0x4EB9,jsr_abs_l,0x0000EB2A
0x000F54,0x4EB9,jsr_abs_l,0x0000EB74
0x00100A,0x4EB9,jsr_abs_l,0x00006544
0x001026,0x4EB9,jsr_abs_l,0x0000F4C2
0x001058,0x4EB9,jsr_abs_l,0x00006722
0x0010DC,0x4EB9,jsr_abs_l,0x00006544
0x0010F8,0x4EB9,jsr_abs_l,0x0000F4C2
0x00112A,0x4EB9,jsr_abs_l,0x00006722
0x0011C0,0x4EB9,jsr_abs_l,0x0000E37E
0x0011C6,0x4EB9,jsr_abs_l,0x0000E50E
0x0011CC,0x4EB9,jsr_abs_l,0x0000E556
0x0011D2,0x4EB9,jsr_abs_l,0x0000E5C4
0x0011E4,0x4EB9,jsr_abs_l,0x0000EA30
0x0011F2,0x4EB9,jsr_abs_l,0x0000E9D0
0x001212,0x4EB9,jsr_abs_l,0x0000E9D0
0x00122A,0x4EB9,jsr_abs_l,0x0000EBD6
0x001258,0x4EB9,jsr_abs_l,0x0000E400
0x00125E,0x4EB9,jsr_abs_l,0x0000E556
0x001264,0x4EB9,jsr_abs_l,0x0000E5C4
0x001276,0x4EB9,jsr_abs_l,0x0000EA30
0x00127C,0x4EB9,jsr_abs_l,0x0000E8BC
0x001282,0x4EB9,jsr_abs_l,0x0000EA0E
0x001288,0x4EB9,jsr_abs_l,0x0000EBD6
0x0012D4,0x4EB9,jsr_abs_l,0x0000E556
0x0012E6,0x4EB9,jsr_abs_l,0x0000EA30
0x0012EC,0x4EB9,jsr_abs_l,0x0000EA54
0x0012F2,0x4EB9,jsr_abs_l,0x0000E8E6
0x0012F8,0x4EB9,jsr_abs_l,0x0000EBD6
0x00133E,0x4EB9,jsr_abs_l,0x0000E50E
0x001352,0x4EB9,jsr_abs_l,0x0000EBD6
0x00136E,0x4EB9,jsr_abs_l,0x0000EF48
0x001374,0x4EB9,jsr_abs_l,0x00006722
0x001394,0x4EB9,jsr_abs_l,0x00006722
0x0013CE,0x4EB9,jsr_abs_l,0x0000E50E
0x0013D8,0x4EB9,jsr_abs_l,0x0000EA7A
0x0013EE,0x4EB9,jsr_abs_l,0x0000EBD6
0x001422,0x4EB9,jsr_abs_l,0x0000F3C2
0x00143E,0x4EB9,jsr_abs_l,0x0000EBD6
0x001456,0x4EB9,jsr_abs_l,0x0000F3C2
0x00145C,0x4EB9,jsr_abs_l,0x0000E864
0x00146A,0x4EB9,jsr_abs_l,0x0000EBD6
0x0014D8,0x4EB9,jsr_abs_l,0x0000EB2A
0x0014E6,0x4EB9,jsr_abs_l,0x0000EB74
0x001572,0x4EB9,jsr_abs_l,0x00006544
0x001584,0x4EB9,jsr_abs_l,0x0000F4C2
0x001620,0x4EB9,jsr_abs_l,0x00006544
0x001632,0x4EB9,jsr_abs_l,0x0000F4C2
0x00170C,0x4EB9,jsr_abs_l,0x0000E37E
0x001712,0x4EB9,jsr_abs_l,0x0000E48E
0x001718,0x4EB9,jsr_abs_l,0x0000E47C
0x001736,0x4EB9,jsr_abs_l,0x0000E5DA
0x00173E,0x4EB9,jsr_abs_l,0x0000E9D0
0x00175C,0x4EB9,jsr_abs_l,0x0000EBD6
0x0017CA,0x4EB9,jsr_abs_l,0x00006544
0x0017DE,0x4EB9,jsr_abs_l,0x0000F4C2
0x001808,0x4EB9,jsr_abs_l,0x0000F4C2
0x001854,0x4EB9,jsr_abs_l,0x0000EBD6
0x001884,0x4EB9,jsr_abs_l,0x0000EA7A
0x0018A2,0x4EB9,jsr_abs_l,0x0000E7CC
0x0018BC,0x4EB9,jsr_abs_l,0x0000E87A
0x0018C8,0x4EB9,jsr_abs_l,0x0000ED54
0x0018E0,0x4EB9,jsr_abs_l,0x0000F4D4
0x0018F8,0x4EB9,jsr_abs_l,0x00006544
0x00196E,0x4EB9,jsr_abs_l,0x0000EBD6
0x001976,0x4EB9,jsr_abs_l,0x0000EF48
0x0019A8,0x4EB9,jsr_abs_l,0x00006722
0x0019C8,0x4EB9,jsr_abs_l,0x00006722
0x0019E2,0x4EB9,jsr_abs_l,0x0000EBD6
0x001A0E,0x4EB9,jsr_abs_l,0x0000E50E
0x001A28,0x4EB9,jsr_abs_l,0x0000EBD6
0x001A44,0x4EB9,jsr_abs_l,0x0000EF48
0x001A66,0x4EB9,jsr_abs_l,0x0000EBD6
0x001A82,0x4EB9,jsr_abs_l,0x0000F3DC
0x001A9C,0x4EB9,jsr_abs_l,0x0000F3C2
0x001AB4,0x4EB9,jsr_abs_l,0x00006544
0x001AC4,0x4EB9,jsr_abs_l,0x0000F4C2
0x001AD8,0x4EB9,jsr_abs_l,0x00006722
0x001AEA,0x4EB9,jsr_abs_l,0x00006722
0x001B18,0x4EB9,jsr_abs_l,0x0000EBD6
0x001B40,0x4EB9,jsr_abs_l,0x0000F3DC
0x001B52,0x4EB9,jsr_abs_l,0x0000F3C2
0x001B6E,0x4EB9,jsr_abs_l,0x0000EBD6
0x001B8A,0x4EB9,jsr_abs_l,0x0000E864
0x001B90,0x4EB9,jsr_abs_l,0x0000F3DC
0x001B9A,0x4EB9,jsr_abs_l,0x0000EBD6
0x001C02,0x4EB9,jsr_abs_l,0x0000EB2A
0x001C10,0x4EB9,jsr_abs_l,0x0000EB74
0x001D00,0x4EB9,jsr_abs_l,0x00006544
0x001D12,0x4EB9,jsr_abs_l,0x0000F4C2
0x001DAE,0x4EB9,jsr_abs_l,0x00006544
0x001DC0,0x4EB9,jsr_abs_l,0x0000F4C2
0x001E8A,0x4EB9,jsr_abs_l,0x0000E37E
0x001E90,0x4EB9,jsr_abs_l,0x0000E48E
0x001E96,0x4EB9,jsr_abs_l,0x0000E47C
0x001EAE,0x4EB9,jsr_abs_l,0x0000E5DA
0x001EB6,0x4EB9,jsr_abs_l,0x0000E9D0
0x001ED4,0x4EB9,jsr_abs_l,0x0000EBD6
0x001F10,0x4EB9,jsr_abs_l,0x00006544
0x001F18,0x4EB9,jsr_abs_l,0x0000E748
0x001F38,0x4EB9,jsr_abs_l,0x0000EBB2
0x001F90,0x4EB9,jsr_abs_l,0x0000EBD6
0x001FBC,0x4EB9,jsr_abs_l,0x0000E596
0x001FC2,0x4EB9,jsr_abs_l,0x0000E400
0x001FD4,0x4EB9,jsr_abs_l,0x0000ED54
0x001FEC,0x4EB9,jsr_abs_l,0x0000F4D4
0x001FFE,0x4EB9,jsr_abs_l,0x0000EBD6
0x00206A,0x4EB9,jsr_abs_l,0x0000EB2A
0x002078,0x4EB9,jsr_abs_l,0x0000EB74
0x00210C,0x4EB9,jsr_abs_l,0x00006544
0x00211E,0x4EB9,jsr_abs_l,0x0000F4C2
0x0021B0,0x4EB9,jsr_abs_l,0x00006544
0x002228,0x4EB9,jsr_abs_l,0x0000E37E
0x00222E,0x4EB9,jsr_abs_l,0x0000E48E
0x002234,0x4EB9,jsr_abs_l,0x0000E47C
0x00223A,0x4EB9,jsr_abs_l,0x0000E5DA
0x002242,0x4EB9,jsr_abs_l,0x0000E9D0
0x002258,0x4EB9,jsr_abs_l,0x0000EBD6
0x0022C4,0x4EB9,jsr_abs_l,0x0000EB2A
0x0022D2,0x4EB9,jsr_abs_l,0x0000EB74
0x0022E8,0x4EB9,jsr_abs_l,0x00006544
0x0022FA,0x4EB9,jsr_abs_l,0x0000F4C2
0x0023F4,0x4EB9,jsr_abs_l,0x00006544
0x002408,0x4EB9,jsr_abs_l,0x0000F4C2
0x00242A,0x4EB9,jsr_abs_l,0x0000F4C2
0x002472,0x4EB9,jsr_abs_l,0x00006544
0x002492,0x4EB9,jsr_abs_l,0x0000F4C2
0x0024E2,0x4EB9,jsr_abs_l,0x00006544
0x002502,0x4EB9,jsr_abs_l,0x0000F4C2
0x00254E,0x4EB9,jsr_abs_l,0x0000EBD6
0x002584,0x4EB9,jsr_abs_l,0x0000EA7A
0x0025A2,0x4EB9,jsr_abs_l,0x0000E7CC
0x0025BC,0x4EB9,jsr_abs_l,0x0000E87A
0x0025C8,0x4EB9,jsr_abs_l,0x0000ED54
0x0025E0,0x4EB9,jsr_abs_l,0x0000F4D4
0x0025F8,0x4EB9,jsr_abs_l,0x00006544
0x002660,0x4EB9,jsr_abs_l,0x0000EA7A
0x002680,0x4EB9,jsr_abs_l,0x0000EBD6
0x0026E8,0x4EB9,jsr_abs_l,0x0000EB2A
0x0026F6,0x4EB9,jsr_abs_l,0x0000EB74
0x002740,0x4EB9,jsr_abs_l,0x00006544
0x002752,0x4EB9,jsr_abs_l,0x0000F4C2
0x002828,0x4EB9,jsr_abs_l,0x0000E5DA
0x002830,0x4EB9,jsr_abs_l,0x0000E9D0
0x00284E,0x4EB9,jsr_abs_l,0x0000EBD6
0x0028D2,0x4EB9,jsr_abs_l,0x00006544
0x0028F8,0x4EB9,jsr_abs_l,0x0000EBB2
0x002902,0x4EB9,jsr_abs_l,0x0000F4C2
0x002922,0x4EB9,jsr_abs_l,0x0000F4C2
0x00298C,0x4EB9,jsr_abs_l,0x0000EBD6
0x0029D0,0x4EB9,jsr_abs_l,0x0000EBD6
0x0029EC,0x4EB9,jsr_abs_l,0x0000EF48
0x002A0E,0x4EB9,jsr_abs_l,0x0000EBD6
0x002A26,0x4EB9,jsr_abs_l,0x0000F3DC
0x002A40,0x4EB9,jsr_abs_l,0x00006544
0x002A50,0x4EB9,jsr_abs_l,0x0000F4C2
0x002A64,0x4EB9,jsr_abs_l,0x00006722
0x002A74,0x4EB9,jsr_abs_l,0x00006722
0x002AA2,0x4EB9,jsr_abs_l,0x0000EBD6
0x002AC2,0x4EB9,jsr_abs_l,0x0000E864
0x002AC8,0x4EB9,jsr_abs_l,0x0000F3DC
0x002AD2,0x4EB9,jsr_abs_l,0x0000EBD6
0x002ADA,0x4EB9,jsr_abs_l,0x0000EBD6
0x002B1C,0x4EB9,jsr_abs_l,0x0000EA7A
0x002B38,0x4EB9,jsr_abs_l,0x0000E50E
0x002B5C,0x4EB9,jsr_abs_l,0x0000E7CC
0x002B76,0x4EB9,jsr_abs_l,0x0000E87A
0x002B8A,0x4EB9,jsr_abs_l,0x0000ED54
0x002BA2,0x4EB9,jsr_abs_l,0x0000F4D4
0x002BB0,0x4EB9,jsr_abs_l,0x0000EBD6
0x002BD8,0x4EB9,jsr_abs_l,0x00006722
0x002C5A,0x4EB9,jsr_abs_l,0x00006544
0x002CA4,0x4EB9,jsr_abs_l,0x0000EBD6
0x002CF0,0x4EB9,jsr_abs_l,0x00006722
0x002D58,0x4EB9,jsr_abs_l,0x0000658C
0x002D5E,0x4EB9,jsr_abs_l,0x00006544
0x002F74,0x4EB9,jsr_abs_l,0x00006544
0x002F86,0x4EB9,jsr_abs_l,0x0000F4C2
0x003020,0x4EB9,jsr_abs_l,0x0000F4C2
0x003038,0x4EB9,jsr_abs_l,0x00006544
0x0030CA,0x4EB9,jsr_abs_l,0x0000E5DA
0x0030E8,0x4EB9,jsr_abs_l,0x0000EBD6
0x00312C,0x4EB9,jsr_abs_l,0x00006544
0x003134,0x4EB9,jsr_abs_l,0x0000E6B0
0x003154,0x4EB9,jsr_abs_l,0x0000EBB2
0x0031A2,0x4EB9,jsr_abs_l,0x0000F4C2
0x0031BE,0x4EB9,jsr_abs_l,0x0000EBD6
0x0031EA,0x4EB9,jsr_abs_l,0x0000E596
0x0031F0,0x4EB9,jsr_abs_l,0x0000E400
0x003204,0x4EB9,jsr_abs_l,0x0000ED54
0x00321C,0x4EB9,jsr_abs_l,0x0000F4D4
0x003232,0x4EB9,jsr_abs_l,0x0000EA7A
0x00323E,0x4EB9,jsr_abs_l,0x0000E50E
0x00325A,0x4EB9,jsr_abs_l,0x00006544
0x00326E,0x4EB9,jsr_abs_l,0x0000EA7A
0x00329E,0x4EB9,jsr_abs_l,0x0000EBD6
0x0032C2,0x4EB9,jsr_abs_l,0x0000EBD6
0x0032DE,0x4EB9,jsr_abs_l,0x0000EF48
0x003304,0x4EB9,jsr_abs_l,0x0000EBD6
0x00331C,0x4EB9,jsr_abs_l,0x0000F3DC
0x00333A,0x4EB9,jsr_abs_l,0x00006544
0x003346,0x4EB9,jsr_abs_l,0x0000F4C2
0x00335A,0x4EB9,jsr_abs_l,0x00006722
0x00336A,0x4EB9,jsr_abs_l,0x00006722
0x003392,0x4EB9,jsr_abs_l,0x0000EBD6
0x0033B2,0x4EB9,jsr_abs_l,0x0000E864
0x0033B8,0x4EB9,jsr_abs_l,0x0000F3DC
0x0033C6,0x4EB9,jsr_abs_l,0x0000EBD6
0x00347C,0x4EB9,jsr_abs_l,0x00006544
0x00348E,0x4EB9,jsr_abs_l,0x0000F4C2
0x0034A6,0x4EB9,jsr_abs_l,0x0000EA7A
0x003520,0x4EB9,jsr_abs_l,0x00006544
0x003538,0x4EB9,jsr_abs_l,0x0000F4C2
0x003550,0x4EB9,jsr_abs_l,0x0000EA7A
0x0035A8,0x4EB9,jsr_abs_l,0x00006544
0x0035C0,0x4EB9,jsr_abs_l,0x0000F4C2
0x0035D8,0x4EB9,jsr_abs_l,0x0000EA7A
0x003630,0x4EB9,jsr_abs_l,0x00006544
0x0036AC,0x4EB9,jsr_abs_l,0x0000E5DA
0x0036CA,0x4EB9,jsr_abs_l,0x0000EBD6
0x0036EA,0x4EB9,jsr_abs_l,0x0000EF48
0x00370C,0x4EB9,jsr_abs_l,0x0000EBD6
0x003728,0x4EB9,jsr_abs_l,0x0000F3DC
0x003742,0x4EB9,jsr_abs_l,0x00006544
0x003752,0x4EB9,jsr_abs_l,0x0000F4C2
0x003768,0x4EB9,jsr_abs_l,0x0000EA7A
0x003772,0x4EB9,jsr_abs_l,0x00006722
0x003782,0x4EB9,jsr_abs_l,0x00006722
0x0037AA,0x4EB9,jsr_abs_l,0x0000EBD6
0x0037CA,0x4EB9,jsr_abs_l,0x0000E864
0x0037D0,0x4EB9,jsr_abs_l,0x0000F3DC
0x0037FC,0x4EB9,jsr_abs_l,0x0000EBD6
0x003826,0x4EB9,jsr_abs_l,0x0000EBD6
0x003850,0x4EB9,jsr_abs_l,0x00006544
0x003868,0x4EB9,jsr_abs_l,0x00006722
0x003878,0x4EB9,jsr_abs_l,0x0000F4C2
0x003886,0x4EB9,jsr_abs_l,0x00006722
0x003898,0x4EB9,jsr_abs_l,0x0000F4C2
0x003910,0x4EB9,jsr_abs_l,0x0000EA7A
0x003954,0x4EB9,jsr_abs_l,0x00006544
0x00396C,0x4EB9,jsr_abs_l,0x0000EA7A
0x003998,0x4EB9,jsr_abs_l,0x0000E748
0x0039A6,0x4EB9,jsr_abs_l,0x0000ED54
0x0039BE,0x4EB9,jsr_abs_l,0x0000F4D4
0x0039E0,0x4EB9,jsr_abs_l,0x0000EBD6
0x003A72,0x4EF9,jmp_abs_l,0x0000F3A0
0x003A78,0x4EF9,jmp_abs_l,0x0000F9B6
0x003A7E,0x4EF9,jmp_abs_l,0x000100FC
0x003A84,0x4EF9,jmp_abs_l,0x00010F92
0x003A8A,0x4EF9,jmp_abs_l,0x00010FB2
0x003A90,0x4EF9,jmp_abs_l,0x00010FD2
0x003A96,0x4EF9,jmp_abs_l,0x00011742
0x003A9C,0x4EF9,jmp_abs_l,0x00011762
0x003AA2,0x4EF9,jmp_abs_l,0x0001178E
0x003AA8,0x4EF9,jmp_abs_l,0x00013FAC
0x003AAE,0x4EF9,jmp_abs_l,0x00014022
0x003AB4,0x4EF9,jmp_abs_l,0x000140AE
0x003ABA,0x4EF9,jmp_abs_l,0x00014122
0x003AC0,0x4EF9,jmp_abs_l,0x0001418C
0x003AC6,0x4EF9,jmp_abs_l,0x00014238
0x003ACC,0x4EF9,jmp_abs_l,0x000142AA
0x003AD2,0x4EF9,jmp_abs_l,0x00014386
0x003AD8,0x4EF9,jmp_abs_l,0x000143F4
0x003ADE,0x4EF9,jmp_abs_l,0x00014420
0x003AE4,0x4EF9,jmp_abs_l,0x000153CE
0x003AEA,0x4EF9,jmp_abs_l,0x00015420
0x003AF0,0x4EF9,jmp_abs_l,0x00019838
0x003AF6,0x4EF9,jmp_abs_l,0x00019854
0x003AFC,0x4EF9,jmp_abs_l,0x000198BC
0x003B02,0x4EF9,jmp_abs_l,0x00019968
0x003B08,0x4EF9,jmp_abs_l,0x00019A32
0x003B48,0x4EB9,jsr_abs_l,0x00004F86
0x003B88,0x4EB9,jsr_abs_l,0x00004FDA
0x003BDA,0x4EB9,jsr_abs_l,0x00004FDA
0x003BF8,0x4EB9,jsr_abs_l,0x00004FDA
0x003C0C,0x4EB9,jsr_abs_l,0x00004FDA
0x003C2A,0x4EB9,jsr_abs_l,0x00004FDA
0x003C3E,0x4EB9,jsr_abs_l,0x00004FDA
0x003C52,0x4EB9,jsr_abs_l,0x00004FDA
0x003C6A,0x4EB9,jsr_abs_l,0x00004FDA
0x003C7E,0x4EB9,jsr_abs_l,0x00004FDA
0x003C92,0x4EB9,jsr_abs_l,0x00004FDA
0x003CF6,0x4EB9,jsr_abs_l,0x00004FDA
0x003D6E,0x4EB9,jsr_abs_l,0x00004FDA
0x003DAA,0x4EB9,jsr_abs_l,0x00004F86
0x003DEA,0x4EB9,jsr_abs_l,0x0001E19A
0x003EB4,0x4EB9,jsr_abs_l,0x00004F86
0x003F0C,0x4EB9,jsr_abs_l,0x00004F86
0x003FFA,0x4EB9,jsr_abs_l,0x00004F86
0x0040D0,0x4EB9,jsr_abs_l,0x00004F86
0x004170,0x4EB9,jsr_abs_l,0x00004F86
0x0041D0,0x4EB9,jsr_abs_l,0x00004F86
0x0042D2,0x4EB9,jsr_abs_l,0x00004F86
0x004350,0x4EB9,jsr_abs_l,0x00004F86
0x0043CE,0x4EB9,jsr_abs_l,0x00004F86
0x0043E2,0x4EF9,jmp_abs_l,0x000200D6
0x0043E8,0x4EF9,jmp_abs_l,0x000200F4
0x0043EE,0x4EF9,jmp_abs_l,0x00020154
0x0043F4,0x4EF9,jmp_abs_l,0x00020172
0x0043FA,0x4EF9,jmp_abs_l,0x000201F2
0x004400,0x4EF9,jmp_abs_l,0x00020212
0x004406,0x4EF9,jmp_abs_l,0x0002023A
0x00440C,0x4EF9,jmp_abs_l,0x000203CC
0x004412,0x4EF9,jmp_abs_l,0x000203E6
0x004418,0x4EF9,jmp_abs_l,0x000203F6
0x00441E,0x4EF9,jmp_abs_l,0x0002041C
0x004424,0x4EF9,jmp_abs_l,0x0002043E
0x00442A,0x4EF9,jmp_abs_l,0x0002044E
0x004430,0x4EF9,jmp_abs_l,0x0002047C
0x004436,0x4EF9,jmp_abs_l,0x0002286A
0x00443C,0x4EF9,jmp_abs_l,0x00022B06
0x004442,0x4EF9,jmp_abs_l,0x00022B38
0x004448,0x4EF9,jmp_abs_l,0x00022BD0
0x00444E,0x4EF9,jmp_abs_l,0x00022DD6
0x004454,0x4EF9,jmp_abs_l,0x00023170
0x00445A,0x4EF9,jmp_abs_l,0x0002317C
0x004460,0x4EF9,jmp_abs_l,0x000231C4
0x004466,0x4EF9,jmp_abs_l,0x000231E8
0x0044A4,0x4EF9,jmp_abs_l,0x0002341E
0x0044AA,0x4EF9,jmp_abs_l,0x0002355A
0x0046CE,0x4EB9,jsr_abs_l,0x0000485E
0x004754,0x4EB9,jsr_abs_l,0x00006432
0x00476A,0x4EB9,jsr_abs_l,0x00006432
0x004778,0x4EB9,jsr_abs_l,0x00006432
0x00479C,0x4EB9,jsr_abs_l,0x00004878
0x0053B8,0x4EB9,jsr_abs_l,0x000058E2
0x0056B4,0x4EB9,jsr_abs_l,0x000058E2
0x005AA2,0x4EB9,jsr_abs_l,0x00004878
0x005AB8,0x4EB9,jsr_abs_l,0x0000658C
0x005B5A,0x4EB9,jsr_abs_l,0x0000485E
0x00620C,0x4EB9,jsr_abs_l,0x00006672
0x00671A,0x4EB9,jsr_abs_l,0x00004878
0x00675E,0x4EB9,jsr_abs_l,0x0000596A
0x0067B2,0x4EB9,jsr_abs_l,0x00005CDC
0x0067E4,0x4EB9,jsr_abs_l,0x0000485E
0x006814,0x4EB9,jsr_abs_l,0x00004878
0x006820,0x4EB9,jsr_abs_l,0x0000485E
0x006888,0x4EB9,jsr_abs_l,0x00005B3A
0x006894,0x4EB9,jsr_abs_l,0x0000485E
0x00689C,0x4EB9,jsr_abs_l,0x00006416
0x0068A6,0x4EB9,jsr_abs_l,0x0000C082
0x0068BC,0x4EB9,jsr_abs_l,0x0000C1CC
0x0068CC,0x4EB9,jsr_abs_l,0x00008B1C
0x0068DE,0x4EB9,jsr_abs_l,0x0000B5C8
0x0068F0,0x4EB9,jsr_abs_l,0x00008F3C
0x0068F6,0x4EB9,jsr_abs_l,0x0000B4FE
0x0068FC,0x4EB9,jsr_abs_l,0x0000963A
0x006908,0x4EB9,jsr_abs_l,0x0000B876
0x006914,0x4EB9,jsr_abs_l,0x0000AC34
0x006926,0x4EB9,jsr_abs_l,0x0000658C
0x00692C,0x4EB9,jsr_abs_l,0x0000646C
0x00694C,0x4EB9,jsr_abs_l,0x000064B4
0x006956,0x4EB9,jsr_abs_l,0x0000C20C
0x00695C,0x4EB9,jsr_abs_l,0x0000C1CC
0x006962,0x4EB9,jsr_abs_l,0x0000C10E
0x006968,0x4EB9,jsr_abs_l,0x0000CD82
0x00697C,0x4EB9,jsr_abs_l,0x000095B0
0x006982,0x4EB9,jsr_abs_l,0x0000C060
0x0069A2,0x4EB9,jsr_abs_l,0x0000485E
0x0069AA,0x4EB9,jsr_abs_l,0x00006416
0x0069C0,0x4EB9,jsr_abs_l,0x0000C1EC
0x0069E8,0x4EB9,jsr_abs_l,0x0000B51E
0x006A02,0x4EB9,jsr_abs_l,0x0000485E
0x006A0E,0x4EB9,jsr_abs_l,0x0000485E
0x006A16,0x4EB9,jsr_abs_l,0x0000C1CC
0x006A26,0x4EB9,jsr_abs_l,0x00008B1C
0x006A40,0x4EB9,jsr_abs_l,0x0000B4AE
0x006A4C,0x4EB9,jsr_abs_l,0x0000AC34
0x006A5E,0x4EB9,jsr_abs_l,0x0000658C
0x006A64,0x4EB9,jsr_abs_l,0x0000646C
0x006A8C,0x4EB9,jsr_abs_l,0x00005CDC
0x006A92,0x4EB9,jsr_abs_l,0x0000CD82
0x006A9C,0x4EB9,jsr_abs_l,0x000095B0
0x006AA2,0x4EB9,jsr_abs_l,0x0000C060
0x006ACC,0x4EB9,jsr_abs_l,0x0000485E
0x006AE4,0x4EB9,jsr_abs_l,0x0000485E
0x006AF0,0x4EB9,jsr_abs_l,0x0000485E
0x006AF8,0x4EB9,jsr_abs_l,0x0001BA06
0x006AFE,0x4EB9,jsr_abs_l,0x000090DE
0x006B04,0x4EB9,jsr_abs_l,0x0000963A
0x006B22,0x4EB9,jsr_abs_l,0x000064B4
0x006B3C,0x4EB9,jsr_abs_l,0x0000485E
0x006B48,0x4EB9,jsr_abs_l,0x0000485E
0x006B5C,0x4EB9,jsr_abs_l,0x0000485E
0x006B62,0x4EB9,jsr_abs_l,0x0000C20C
0x006B68,0x4EB9,jsr_abs_l,0x0000C1CC
0x006B6E,0x4EB9,jsr_abs_l,0x0000C10E
0x006B74,0x4EB9,jsr_abs_l,0x0001BACA
0x006C00,0x4EF9,jmp_abs_l,0x0000007C
0x006C18,0x4EB9,jsr_abs_l,0x00008F22
0x006C5C,0x4EB9,jsr_abs_l,0x0000485E
0x006C6C,0x4EB9,jsr_abs_l,0x0000485E
0x006CBA,0x4EB9,jsr_abs_l,0x00008F22
0x006CCE,0x4EB9,jsr_abs_l,0x0000485E
0x006CE4,0x4EB9,jsr_abs_l,0x0000CE22
0x006CFC,0x4EB9,jsr_abs_l,0x00008F22
0x006D02,0x4EB9,jsr_abs_l,0x0000B550
0x006D1E,0x4EB9,jsr_abs_l,0x0000485E
0x006D36,0x4EB9,jsr_abs_l,0x00008F22
0x006D3C,0x4EB9,jsr_abs_l,0x0000B550
0x006D5E,0x4EB9,jsr_abs_l,0x0000485E
0x006D7E,0x4EB9,jsr_abs_l,0x0000485E
0x006D8A,0x4EB9,jsr_abs_l,0x0000485E
0x006D96,0x4EB9,jsr_abs_l,0x0000485E
0x006DA2,0x4EB9,jsr_abs_l,0x0000485E
0x006DAE,0x4EB9,jsr_abs_l,0x0000485E
0x006DBA,0x4EB9,jsr_abs_l,0x0000485E
0x006DF6,0x4EB9,jsr_abs_l,0x0000485E
0x006E08,0x4EB9,jsr_abs_l,0x0000CD82
0x006E20,0x4EB9,jsr_abs_l,0x00008206
0x006E32,0x4EB9,jsr_abs_l,0x0000485E
0x006E4E,0x4EB9,jsr_abs_l,0x0000485E
0x006E5A,0x4EB9,jsr_abs_l,0x0000485E
0x006E66,0x4EB9,jsr_abs_l,0x0000485E
0x006E74,0x4EB9,jsr_abs_l,0x00007726
0x006E8A,0x4EB9,jsr_abs_l,0x0000485E
0x006E96,0x4EB9,jsr_abs_l,0x0000485E
0x006EA2,0x4EB9,jsr_abs_l,0x0000485E
0x006EAE,0x4EB9,jsr_abs_l,0x0000485E
0x006EBA,0x4EB9,jsr_abs_l,0x0000485E
0x006EC4,0x4EB9,jsr_abs_l,0x00007726
0x006EDA,0x4EB9,jsr_abs_l,0x0000485E
0x006EEA,0x4EB9,jsr_abs_l,0x0000485E
0x006EF6,0x4EB9,jsr_abs_l,0x0000485E
0x006F0E,0x4EB9,jsr_abs_l,0x0000485E
0x006F40,0x4EB9,jsr_abs_l,0x00009422
0x006F5A,0x4EB9,jsr_abs_l,0x00009062
0x006F60,0x4EB9,jsr_abs_l,0x0000963A
0x006F92,0x4EB9,jsr_abs_l,0x000053B4
0x006F98,0x4EB9,jsr_abs_l,0x00004878
0x006FAA,0x4EB9,jsr_abs_l,0x0000C1A0
0x006FC6,0x4EB9,jsr_abs_l,0x0000963A
0x006FE4,0x4EB9,jsr_abs_l,0x0000C39E
0x006FEA,0x4EB9,jsr_abs_l,0x00004878
0x007004,0x4EB9,jsr_abs_l,0x0003310A
0x007016,0x4EB9,jsr_abs_l,0x00005B3A
0x00707E,0x4EB9,jsr_abs_l,0x00006416
0x0070A2,0x4EB9,jsr_abs_l,0x0000C1EC
0x0070BE,0x4EB9,jsr_abs_l,0x0000485E
0x0070DC,0x4EB9,jsr_abs_l,0x0000485E
0x00714C,0x4EB9,jsr_abs_l,0x000053B4
0x007160,0x4EB9,jsr_abs_l,0x00005928
0x007166,0x4EB9,jsr_abs_l,0x0000646C
0x0071C4,0x4EB9,jsr_abs_l,0x00005AB0
0x0071CC,0x4EB9,jsr_abs_l,0x00006416
0x00721C,0x4EB9,jsr_abs_l,0x00005AB0
0x007240,0x4EB9,jsr_abs_l,0x000050CA
0x00727C,0x4EB9,jsr_abs_l,0x0000485E
0x0072BA,0x4EB9,jsr_abs_l,0x0000485E
0x007378,0x4EB9,jsr_abs_l,0x00004878
0x0073AC,0x4EB9,jsr_abs_l,0x0000658C
0x0073BC,0x4EB9,jsr_abs_l,0x00005B3A
0x0073C8,0x4EB9,jsr_abs_l,0x0000485E
0x0073D4,0x4EB9,jsr_abs_l,0x0000485E
0x0073E6,0x4EB9,jsr_abs_l,0x00004878
0x0073F2,0x4EB9,jsr_abs_l,0x0000485E
0x0073FE,0x4EB9,jsr_abs_l,0x0000485E
0x00744E,0x4EB9,jsr_abs_l,0x00006200
0x007476,0x4EB9,jsr_abs_l,0x00006200
0x0074AA,0x4EB9,jsr_abs_l,0x0000485E
0x0074E6,0x4EB9,jsr_abs_l,0x0000485E
0x0075E6,0x4EB9,jsr_abs_l,0x00004878
0x0075F2,0x4EB9,jsr_abs_l,0x0000485E
0x0075FE,0x4EB9,jsr_abs_l,0x0000485E
0x00764C,0x4EB9,jsr_abs_l,0x00006200
0x007672,0x4EB9,jsr_abs_l,0x00006200
0x007692,0x4EB9,jsr_abs_l,0x00022294
0x007698,0x4EB9,jsr_abs_l,0x00006416
0x00769E,0x4EB9,jsr_abs_l,0x000085D8
0x0076A4,0x4EB9,jsr_abs_l,0x00008604
0x0076BA,0x4EB9,jsr_abs_l,0x0000485E
0x0076C6,0x4EB9,jsr_abs_l,0x0000485E
0x0076CC,0x4EB9,jsr_abs_l,0x00005B3A
0x0076D4,0x4EB9,jsr_abs_l,0x00008604
0x0076DA,0x4EB9,jsr_abs_l,0x00004878
0x0076F4,0x4EB9,jsr_abs_l,0x00005B3A
0x00771E,0x4EB9,jsr_abs_l,0x00005B3A
0x00792C,0x4EB9,jsr_abs_l,0x0000485E
0x007A46,0x4EB9,jsr_abs_l,0x00007EF4
0x007B30,0x4EB9,jsr_abs_l,0x0000485E
0x007B64,0x4EB9,jsr_abs_l,0x00004878
0x007B70,0x4EB9,jsr_abs_l,0x0000485E
0x007BA0,0x4EB9,jsr_abs_l,0x0000485E
0x007C06,0x4EB9,jsr_abs_l,0x00004FDA
0x007C26,0x4EB9,jsr_abs_l,0x00005B3A
0x007C2E,0x4EB9,jsr_abs_l,0x00004878
0x007C3A,0x4EB9,jsr_abs_l,0x0000485E
0x007F26,0x4EB9,jsr_abs_l,0x00008206
0x0081A6,0x4EB9,jsr_abs_l,0x0000485E
0x0081F8,0x4EB9,jsr_abs_l,0x0000B62C
0x0083D6,0x4EB9,jsr_abs_l,0x00005CDC
0x00842C,0x4EB9,jsr_abs_l,0x00005F60
0x00844A,0x4EB9,jsr_abs_l,0x00005F60
0x008466,0x4EB9,jsr_abs_l,0x00006200
0x0084AC,0x4EB9,jsr_abs_l,0x00008604
0x0084DA,0x4EB9,jsr_abs_l,0x0000485E
0x0084E8,0x4EB9,jsr_abs_l,0x00004878
0x0084F4,0x4EB9,jsr_abs_l,0x0000485E
0x00853A,0x4EB9,jsr_abs_l,0x00008604
0x008568,0x4EB9,jsr_abs_l,0x0000485E
0x008586,0x4EB9,jsr_abs_l,0x0000485E
0x008612,0x4EB9,jsr_abs_l,0x0000590C
0x008812,0x4EB9,jsr_abs_l,0x00007766
0x008A36,0x4EB9,jsr_abs_l,0x00004878
0x008AA0,0x4EB9,jsr_abs_l,0x00007766
0x008B08,0x4EB9,jsr_abs_l,0x00004878
0x008B7E,0x4EB9,jsr_abs_l,0x000064B4
0x008B88,0x4EB9,jsr_abs_l,0x000064B4
0x008B92,0x4EB9,jsr_abs_l,0x000064D8
0x008B9C,0x4EB9,jsr_abs_l,0x000064D8
0x008BC6,0x4EB9,jsr_abs_l,0x000053B4
0x008BD4,0x4EB9,jsr_abs_l,0x000053B4
0x008BF2,0x4EB9,jsr_abs_l,0x000053B4
0x008C00,0x4EB9,jsr_abs_l,0x000053B4
0x008C10,0x4EB9,jsr_abs_l,0x000053B4
0x008C1E,0x4EB9,jsr_abs_l,0x000053B4
0x008DF0,0x4EB9,jsr_abs_l,0x00008E4A
0x008E06,0x4EB9,jsr_abs_l,0x000064B4
0x008E3E,0x4EB9,jsr_abs_l,0x0000658C
0x008FEA,0x4EB9,jsr_abs_l,0x00008F3C
0x008FF0,0x4EB9,jsr_abs_l,0x0000963A
0x009002,0x4EB9,jsr_abs_l,0x00004878
0x0090DE,0x4EB9,jsr_abs_l,0x00009062
0x009106,0x4EB9,jsr_abs_l,0x0000B61E
0x009170,0x4EB9,jsr_abs_l,0x00009048
0x0091B6,0x4EB9,jsr_abs_l,0x00009048
0x0091FC,0x4EB9,jsr_abs_l,0x00008F22
0x009218,0x4EB9,jsr_abs_l,0x00008F22
0x00921E,0x4EB9,jsr_abs_l,0x0000B550
0x00924E,0x4EB9,jsr_abs_l,0x00009062
0x00925A,0x4EB9,jsr_abs_l,0x000090E6
0x009260,0x4EB9,jsr_abs_l,0x0000963A
0x0092A8,0x4EB9,jsr_abs_l,0x0000590C
0x009310,0x4EB9,jsr_abs_l,0x00004A6C
0x009328,0x4EB9,jsr_abs_l,0x000058E2
0x00936A,0x4EB9,jsr_abs_l,0x000058E2
0x009382,0x4EB9,jsr_abs_l,0x00004A74
0x0093B2,0x4EB9,jsr_abs_l,0x00005B3A
0x0093E0,0x4EB9,jsr_abs_l,0x0000AC34
0x00940A,0x4EB9,jsr_abs_l,0x0000485E
0x00941A,0x4EB9,jsr_abs_l,0x00004878
0x00957E,0x4EB9,jsr_abs_l,0x0000485E
0x0095E0,0x4EB9,jsr_abs_l,0x0000590C
0x0095F0,0x4EB9,jsr_abs_l,0x0000590C
0x00960A,0x4EB9,jsr_abs_l,0x0000590C
0x00962E,0x4EB9,jsr_abs_l,0x0000590C
0x009648,0x4EB9,jsr_abs_l,0x00009684
0x009650,0x4EB9,jsr_abs_l,0x00009ADA
0x009668,0x4EB9,jsr_abs_l,0x0000658C
0x00966E,0x4EB9,jsr_abs_l,0x0000646C
0x00A1D0,0x4EB9,jsr_abs_l,0x0000B5C8
0x00A426,0x4EB9,jsr_abs_l,0x00007726
0x00A44E,0x4EB9,jsr_abs_l,0x00007766
0x00A5B0,0x4EB9,jsr_abs_l,0x00004878
0x00A5E8,0x4EB9,jsr_abs_l,0x00004878
0x00A66E,0x4EB9,jsr_abs_l,0x0000AC34
0x00A67A,0x4EB9,jsr_abs_l,0x0000D104
0x00A684,0x4EB9,jsr_abs_l,0x0000D170
0x00A6A4,0x4EB9,jsr_abs_l,0x0000B550
0x00A6AA,0x4EB9,jsr_abs_l,0x00009616
0x00A6B6,0x4EB9,jsr_abs_l,0x00009062
0x00A6C2,0x4EB9,jsr_abs_l,0x00007726
0x00A6CA,0x4EB9,jsr_abs_l,0x00007766
0x00A6EA,0x4EB9,jsr_abs_l,0x0000B61E
0x00A702,0x4EB9,jsr_abs_l,0x00019A9E
0x00A71C,0x4EB9,jsr_abs_l,0x0000D170
0x00A72E,0x4EB9,jsr_abs_l,0x00007726
0x00A74A,0x4EB9,jsr_abs_l,0x00019D62
0x00A750,0x4EB9,jsr_abs_l,0x00019A9E
0x00A75E,0x4EB9,jsr_abs_l,0x00009062
0x00A7A4,0x4EB9,jsr_abs_l,0x0000485E
0x00A808,0x4EB9,jsr_abs_l,0x00008F22
0x00A820,0x4EB9,jsr_abs_l,0x00008F00
0x00A828,0x4EB9,jsr_abs_l,0x0000B550
0x00A842,0x4EB9,jsr_abs_l,0x0000D170
0x00A85E,0x4EB9,jsr_abs_l,0x00007726
0x00A876,0x4EB9,jsr_abs_l,0x0000485E
0x00A888,0x4EB9,jsr_abs_l,0x0000485E
0x00A894,0x4EB9,jsr_abs_l,0x0000485E
0x00A8C0,0x4EB9,jsr_abs_l,0x0001A422
0x00A8C6,0x4EB9,jsr_abs_l,0x00009062
0x00A8D6,0x4EB9,jsr_abs_l,0x000090A0
0x00A8DC,0x4EB9,jsr_abs_l,0x00008F22
0x00A8F6,0x4EB9,jsr_abs_l,0x0000902E
0x00A908,0x4EB9,jsr_abs_l,0x0000902E
0x00A92A,0x4EB9,jsr_abs_l,0x0000485E
0x00A93C,0x4EB9,jsr_abs_l,0x0000485E
0x00A942,0x4EB9,jsr_abs_l,0x0000963A
0x00A94A,0x4EB9,jsr_abs_l,0x00007726
0x00A970,0x4EB9,jsr_abs_l,0x0000658C
0x00A976,0x4EB9,jsr_abs_l,0x00008F22
0x00A97C,0x4EB9,jsr_abs_l,0x0000B550
0x00A990,0x4EB9,jsr_abs_l,0x0000B600
0x00A9AE,0x4EB9,jsr_abs_l,0x0000B600
0x00A9DA,0x4EB9,jsr_abs_l,0x0000658C
0x00A9EA,0x4EB9,jsr_abs_l,0x0001AF7C
0x00A9F0,0x4EB9,jsr_abs_l,0x00009062
0x00AA12,0x4EB9,jsr_abs_l,0x0000485E
0x00AA26,0x4EB9,jsr_abs_l,0x0000485E
0x00AA56,0x4EB9,jsr_abs_l,0x0000C39E
0x00AA5C,0x4EB9,jsr_abs_l,0x00004878
0x00AA6C,0x4EB9,jsr_abs_l,0x0000AC34
0x00AA76,0x4EB9,jsr_abs_l,0x0000C39E
0x00AA90,0x4EB9,jsr_abs_l,0x00004878
0x00AAE0,0x4EB9,jsr_abs_l,0x0000485E
0x00AAE6,0x4EF9,jmp_abs_l,0x0000A41C
0x00AAEE,0x4EB9,jsr_abs_l,0x00004878
0x00AB38,0x4EB9,jsr_abs_l,0x00004F86
0x00AB72,0x4EB9,jsr_abs_l,0x000065AE
0x00AB7A,0x4EB9,jsr_abs_l,0x00004878
0x00AC5C,0x4EB9,jsr_abs_l,0x000053B4
0x00AC8A,0x4EB9,jsr_abs_l,0x000053B4
0x00AD06,0x4EB9,jsr_abs_l,0x0000485E
0x00AD42,0x4EB9,jsr_abs_l,0x0000485E
0x00AD56,0x4EB9,jsr_abs_l,0x00009590
0x00AD68,0x4EB9,jsr_abs_l,0x00009598
0x00AD7A,0x4EB9,jsr_abs_l,0x000095A0
0x00AD8C,0x4EB9,jsr_abs_l,0x000095A8
0x00ADF4,0x4EB9,jsr_abs_l,0x000050CA
0x00AE16,0x4EB9,jsr_abs_l,0x0000B5C8
0x00AE52,0x4EB9,jsr_abs_l,0x00004FDA
0x00AE82,0x4EB9,jsr_abs_l,0x00004878
0x00AE8E,0x4EB9,jsr_abs_l,0x0000485E
0x00AE9A,0x4EB9,jsr_abs_l,0x0000485E
0x00AEA6,0x4EB9,jsr_abs_l,0x0000485E
0x00AEC6,0x4EB9,jsr_abs_l,0x0000B382
0x00AF0A,0x4EB9,jsr_abs_l,0x0000B360
0x00AF10,0x4EB9,jsr_abs_l,0x00004878
0x00AF20,0x4EB9,jsr_abs_l,0x000053B4
0x00AF7C,0x4EB9,jsr_abs_l,0x0000485E
0x00AF84,0x4EB9,jsr_abs_l,0x000064B4
0x00AF8E,0x4EB9,jsr_abs_l,0x00004878
0x00AFAE,0x4EB9,jsr_abs_l,0x0000B382
0x00B00E,0x4EB9,jsr_abs_l,0x00004FDA
0x00B04C,0x4EB9,jsr_abs_l,0x00004FDA
0x00B084,0x4EB9,jsr_abs_l,0x00004FDA
0x00B0BE,0x4EB9,jsr_abs_l,0x00004FDA
0x00B0DE,0x4EB9,jsr_abs_l,0x0000658C
0x00B0E4,0x4EB9,jsr_abs_l,0x00004878
0x00B0F0,0x4EB9,jsr_abs_l,0x0000485E
0x00B0FC,0x4EB9,jsr_abs_l,0x0000485E
0x00B108,0x4EB9,jsr_abs_l,0x0000485E
0x00B110,0x4EB9,jsr_abs_l,0x0000B360
0x00B116,0x4EB9,jsr_abs_l,0x00004878
0x00B162,0x4EB9,jsr_abs_l,0x000053B4
0x00B1A8,0x4EB9,jsr_abs_l,0x0000485E
0x00B1B0,0x4EB9,jsr_abs_l,0x000064B4
0x00B1BA,0x4EB9,jsr_abs_l,0x00004878
0x00B1DA,0x4EB9,jsr_abs_l,0x0000B382
0x00B222,0x4EB9,jsr_abs_l,0x00004FDA
0x00B242,0x4EB9,jsr_abs_l,0x0000658C
0x00B248,0x4EB9,jsr_abs_l,0x00004878
0x00B254,0x4EB9,jsr_abs_l,0x0000485E
0x00B260,0x4EB9,jsr_abs_l,0x0000485E
0x00B26C,0x4EB9,jsr_abs_l,0x0000485E
0x00B274,0x4EB9,jsr_abs_l,0x0000B360
0x00B27A,0x4EB9,jsr_abs_l,0x00004878
0x00B286,0x4EB9,jsr_abs_l,0x00004A6C
0x00B29E,0x4EB9,jsr_abs_l,0x00004A74
0x00B39A,0x4EB9,jsr_abs_l,0x00005CDC
0x00B3A6,0x4EB9,jsr_abs_l,0x00005CDC
0x00B450,0x4EB9,jsr_abs_l,0x00007766
0x00B474,0x4EB9,jsr_abs_l,0x00004A6C
0x00B490,0x4EB9,jsr_abs_l,0x00004A74
0x00B4A0,0x4EB9,jsr_abs_l,0x0000AC34
0x00B4A6,0x4EB9,jsr_abs_l,0x00004878
0x00B510,0x4EB9,jsr_abs_l,0x0000B4D6
0x00B77A,0x4EB9,jsr_abs_l,0x00005696
0x00B7AA,0x4EB9,jsr_abs_l,0x00005696
0x00B7F8,0x4EB9,jsr_abs_l,0x00005696
0x00B804,0x4EB9,jsr_abs_l,0x00005696
0x00B850,0x4EB9,jsr_abs_l,0x00005696
0x00B85C,0x4EB9,jsr_abs_l,0x00005696
0x00B87A,0x4EB9,jsr_abs_l,0x00004A6C
0x00B8B8,0x4EB9,jsr_abs_l,0x00005696
0x00B8C4,0x4EB9,jsr_abs_l,0x00005696
0x00B8F4,0x4EB9,jsr_abs_l,0x00005696
0x00B900,0x4EB9,jsr_abs_l,0x00005696
0x00B928,0x4EB9,jsr_abs_l,0x00004A74
0x00B956,0x4EB9,jsr_abs_l,0x00005696
0x00B974,0x4EB9,jsr_abs_l,0x00005696
0x00B9A0,0x4EB9,jsr_abs_l,0x0000C1A0
0x00B9D8,0x4EB9,jsr_abs_l,0x0000963A
0x00B9FC,0x4EB9,jsr_abs_l,0x00007766
0x00BB08,0x4EB9,jsr_abs_l,0x0000658C
0x00BB12,0x4EB9,jsr_abs_l,0x000064B4
0x00BBB2,0x4EB9,jsr_abs_l,0x0000963A
0x00BBB8,0x4EB9,jsr_abs_l,0x0000C39E
0x00BBC8,0x4EB9,jsr_abs_l,0x00004878
0x00BBE4,0x4EB9,jsr_abs_l,0x00004F86
0x00BC18,0x4EB9,jsr_abs_l,0x0000AC34
0x00BC2C,0x4EB9,jsr_abs_l,0x0000D104
0x00BC38,0x4EB9,jsr_abs_l,0x00007766
0x00BC6A,0x4EB9,jsr_abs_l,0x0000D170
0x00BC9E,0x4EB9,jsr_abs_l,0x0000485E
0x00BD1A,0x4EB9,jsr_abs_l,0x0000D170
0x00BD36,0x4EB9,jsr_abs_l,0x0000B550
0x00BD3E,0x4EB9,jsr_abs_l,0x0000B5C8
0x00BD62,0x4EB9,jsr_abs_l,0x0000B550
0x00BD6A,0x4EB9,jsr_abs_l,0x0000B5C8
0x00BD86,0x4EB9,jsr_abs_l,0x0000485E
0x00BE52,0x4EB9,jsr_abs_l,0x0000485E
0x00BE94,0x4EB9,jsr_abs_l,0x0000485E
0x00BEEA,0x4EB9,jsr_abs_l,0x0000485E
0x00BF32,0x4EB9,jsr_abs_l,0x0000C39E
0x00BF3E,0x4EB9,jsr_abs_l,0x0000AC34
0x00BF44,0x4EB9,jsr_abs_l,0x00004878
0x00BF6A,0x4EB9,jsr_abs_l,0x000053B4
0x00BF96,0x4EB9,jsr_abs_l,0x00005CDC
0x00BFEA,0x4EB9,jsr_abs_l,0x000053B4
0x00BFFE,0x4EB9,jsr_abs_l,0x00005CDC
0x00C054,0x4EB9,jsr_abs_l,0x00005928
0x00C10E,0x4EB9,jsr_abs_l,0x000064B4
0x00C154,0x4EB9,jsr_abs_l,0x00004A6C
0x00C18E,0x4EB9,jsr_abs_l,0x00004A74
0x00C1A4,0x4EB9,jsr_abs_l,0x00004A6C
0x00C1C0,0x4EB9,jsr_abs_l,0x00004A74
0x00C1D8,0x4EB9,jsr_abs_l,0x00004A18
0x00C1F8,0x4EB9,jsr_abs_l,0x00004A18
0x00C224,0x4EB9,jsr_abs_l,0x00005CDC
0x00C22A,0x4EB9,jsr_abs_l,0x0000D104
0x00C230,0x4EB9,jsr_abs_l,0x0000C39E
0x00C236,0x4EB9,jsr_abs_l,0x0000C260
0x00C240,0x4EB9,jsr_abs_l,0x0000658C
0x00C246,0x4EB9,jsr_abs_l,0x000064B4
0x00C288,0x4EB9,jsr_abs_l,0x00008F22
0x00C2AE,0x4EB9,jsr_abs_l,0x0000B550
0x00C2E6,0x4EB9,jsr_abs_l,0x0000B5C8
0x00C2FA,0x4EB9,jsr_abs_l,0x0000B61E
0x00C30E,0x4EB9,jsr_abs_l,0x0000B5C8
0x00C31C,0x4EB9,jsr_abs_l,0x0000B61E
0x00C342,0x4EB9,jsr_abs_l,0x00008F22
0x00C362,0x4EB9,jsr_abs_l,0x00008F22
0x00C368,0x4EB9,jsr_abs_l,0x00008ED8
0x00C374,0x4EB9,jsr_abs_l,0x0000C3D2
0x00C37A,0x4EB9,jsr_abs_l,0x0000C848
0x00C380,0x4EB9,jsr_abs_l,0x0000C4B6
0x00C386,0x4EB9,jsr_abs_l,0x0000C51A
0x00C38C,0x4EB9,jsr_abs_l,0x0000C77A
0x00C392,0x4EB9,jsr_abs_l,0x0000C924
0x00C3C0,0x4EB9,jsr_abs_l,0x0000C260
0x00C3C6,0x4EB9,jsr_abs_l,0x0000C44A
0x00C3D2,0x4EB9,jsr_abs_l,0x00004A6C
0x00C3EE,0x4EB9,jsr_abs_l,0x0000665E
0x00C442,0x4EB9,jsr_abs_l,0x00004A74
0x00C464,0x4EB9,jsr_abs_l,0x0000B6D6
0x00C47E,0x4EB9,jsr_abs_l,0x00004FDA
0x00C4A6,0x4EB9,jsr_abs_l,0x00004FDA
0x00C4F4,0x4EB9,jsr_abs_l,0x00005F60
0x00C512,0x4EB9,jsr_abs_l,0x00005F60
0x00C54E,0x4EB9,jsr_abs_l,0x0000B5C8
0x00C5E8,0x4EB9,jsr_abs_l,0x0000B5C8
0x00C5F4,0x4EB9,jsr_abs_l,0x0000B61E
0x00C66A,0x4EB9,jsr_abs_l,0x0000B5C8
0x00C676,0x4EB9,jsr_abs_l,0x0000B61E
0x00C722,0x4EB9,jsr_abs_l,0x0000665E
0x00C72A,0x4EB9,jsr_abs_l,0x00004A6C
0x00C742,0x4EB9,jsr_abs_l,0x00004A74
0x00C77A,0x4EB9,jsr_abs_l,0x00008F22
0x00C780,0x4EB9,jsr_abs_l,0x00008ED8
0x00C788,0x4EB9,jsr_abs_l,0x0000900A
0x00C792,0x4EB9,jsr_abs_l,0x00006672
0x00C7C2,0x4EB9,jsr_abs_l,0x00006156
0x00C7CE,0x4EB9,jsr_abs_l,0x00005EB0
0x00C7EA,0x4EB9,jsr_abs_l,0x0000665E
0x00C804,0x4EB9,jsr_abs_l,0x00004A6C
0x00C840,0x4EB9,jsr_abs_l,0x00004A74
0x00C87C,0x4EB9,jsr_abs_l,0x00005F7C
0x00C88E,0x4EB9,jsr_abs_l,0x00006672
0x00C8C0,0x4EB9,jsr_abs_l,0x00006156
0x00C8CE,0x4EB9,jsr_abs_l,0x00006672
0x00C900,0x4EB9,jsr_abs_l,0x00006156
0x00C988,0x4EB9,jsr_abs_l,0x0000774A
0x00C9B2,0x4EB9,jsr_abs_l,0x0000485E
0x00CA34,0x4EB9,jsr_abs_l,0x0000485E
0x00CA46,0x4EB9,jsr_abs_l,0x0000485E
0x00CA54,0x4EB9,jsr_abs_l,0x0000C39E
0x00CA5A,0x4EB9,jsr_abs_l,0x00004878
0x00CA6E,0x4EB9,jsr_abs_l,0x0000485E
0x00CA76,0x4EB9,jsr_abs_l,0x0000774A
0x00CAC4,0x4EB9,jsr_abs_l,0x0000485E
0x00CAFA,0x4EB9,jsr_abs_l,0x0000774A
0x00CB80,0x4EB9,jsr_abs_l,0x00004878
0x00CB9A,0x4EB9,jsr_abs_l,0x0001B39C
0x00CBE0,0x4EB9,jsr_abs_l,0x0000B550
0x00CC12,0x4EB9,jsr_abs_l,0x00007726
0x00CC7E,0x4EB9,jsr_abs_l,0x00019D62
0x00CC84,0x4EB9,jsr_abs_l,0x000090DE
0x00CCBA,0x4EB9,jsr_abs_l,0x0000485E
0x00CCDA,0x4EB9,jsr_abs_l,0x0000485E
0x00CCE0,0x4EB9,jsr_abs_l,0x00007766
0x00CD06,0x4EB9,jsr_abs_l,0x0000485E
0x00CD22,0x4EB9,jsr_abs_l,0x0000485E
0x00CD2A,0x4EB9,jsr_abs_l,0x00004878
0x00CD32,0x4EB9,jsr_abs_l,0x0001BB22
0x00CD3E,0x4EB9,jsr_abs_l,0x0000CD82
0x00CD44,0x4EB9,jsr_abs_l,0x0001BA06
0x00CD4A,0x4EB9,jsr_abs_l,0x0000AC34
0x00CD72,0x4EB9,jsr_abs_l,0x0000963A
0x00CD7A,0x4EB9,jsr_abs_l,0x00004878
0x00CE26,0x4EB9,jsr_abs_l,0x00009616
0x00CE2C,0x4EB9,jsr_abs_l,0x00008F22
0x00CE38,0x4EB9,jsr_abs_l,0x0001AF7C
0x00CE50,0x4EB9,jsr_abs_l,0x0000485E
0x00CE5C,0x4EB9,jsr_abs_l,0x0000485E
0x00CE68,0x4EB9,jsr_abs_l,0x000095D2
0x00CE6E,0x4EB9,jsr_abs_l,0x000090DE
0x00CE74,0x4EB9,jsr_abs_l,0x0000963A
0x00CE7A,0x4EB9,jsr_abs_l,0x00004878
0x00CEAC,0x4EB9,jsr_abs_l,0x0000862E
0x00CEC8,0x4EB9,jsr_abs_l,0x0000485E
0x00CED0,0x4EB9,jsr_abs_l,0x00008A4C
0x00CEEE,0x4EB9,jsr_abs_l,0x00004878
0x00CEFE,0x4EB9,jsr_abs_l,0x00006672
0x00CF04,0x4EB9,jsr_abs_l,0x00006672
0x00CF24,0x4EB9,jsr_abs_l,0x00006156
0x00CF5C,0x4EB9,jsr_abs_l,0x00004878
0x00CF7C,0x4EB9,jsr_abs_l,0x0000B5C8
0x00CF96,0x4EB9,jsr_abs_l,0x00007766
0x00CFA8,0x4EB9,jsr_abs_l,0x0000485E
0x00CFB0,0x4EB9,jsr_abs_l,0x00008F3C
0x00CFB6,0x4EB9,jsr_abs_l,0x0000963A
0x00CFC8,0x4EB9,jsr_abs_l,0x0000485E
0x00D014,0x4EB9,jsr_abs_l,0x0000862E
0x00D030,0x4EB9,jsr_abs_l,0x0000485E
0x00D038,0x4EB9,jsr_abs_l,0x00008A4C
0x00D046,0x4EB9,jsr_abs_l,0x00004878
0x00D086,0x4EB9,jsr_abs_l,0x00005F96
0x00D108,0x4EB9,jsr_abs_l,0x00007726
0x00D110,0x4EB9,jsr_abs_l,0x0000C39E
0x00D122,0x4EB9,jsr_abs_l,0x0000C260
0x00D128,0x4EB9,jsr_abs_l,0x00004A6C
0x00D15C,0x4EB9,jsr_abs_l,0x00004A74
0x00D164,0x4EB9,jsr_abs_l,0x0000D170
0x00D174,0x4EB9,jsr_abs_l,0x00007726
0x00D17C,0x4EB9,jsr_abs_l,0x00004A6C
0x00D1AA,0x4EB9,jsr_abs_l,0x000058E2
0x00D1C4,0x4EB9,jsr_abs_l,0x00004A74
0x00D1D4,0x4EB9,jsr_abs_l,0x00004A6C
0x00D1DC,0x4EB9,jsr_abs_l,0x0000665E
0x00D1FE,0x4EB9,jsr_abs_l,0x0000B61E
0x00D2E6,0x4EB9,jsr_abs_l,0x00004A74
0x00D3CA,0x4EB9,jsr_abs_l,0x00004FDA
0x00D3EC,0x4EB9,jsr_abs_l,0x00004878
0x00D400,0x4EB9,jsr_abs_l,0x0000B5C8
0x00D414,0x4EB9,jsr_abs_l,0x0000B61E
0x00D44E,0x4EB9,jsr_abs_l,0x00004878
0x00D470,0x4EB9,jsr_abs_l,0x00004878
0x00D496,0x4EB9,jsr_abs_l,0x00008F3C
0x00D49C,0x4EB9,jsr_abs_l,0x0000963A
0x00D502,0x4EB9,jsr_abs_l,0x00004A6C
0x00D516,0x4EB9,jsr_abs_l,0x0000665E
0x00D530,0x4EB9,jsr_abs_l,0x00004A74
0x00D578,0x4EB9,jsr_abs_l,0x0000485E
0x00D594,0x4EB9,jsr_abs_l,0x00004878
0x00D5A8,0x4EB9,jsr_abs_l,0x0000B550
0x00D5C6,0x4EB9,jsr_abs_l,0x0000B550
0x00D5D8,0x4EB9,jsr_abs_l,0x0000D8A4
0x00D5E2,0x4EB9,jsr_abs_l,0x0000593A
0x00D5EC,0x4EB9,jsr_abs_l,0x0000593A
0x00D602,0x4EB9,jsr_abs_l,0x00005B3A
0x00D60A,0x4EB9,jsr_abs_l,0x0000C1EC
0x00D610,0x4EB9,jsr_abs_l,0x0000DEC8
0x00D616,0x4EB9,jsr_abs_l,0x0000D7F2
0x00D61C,0x4EB9,jsr_abs_l,0x0000D830
0x00D622,0x4EB9,jsr_abs_l,0x0000646C
0x00D63A,0x4EB9,jsr_abs_l,0x0000646C
0x00D644,0x4EB9,jsr_abs_l,0x0000D848
0x00D65A,0x4EB9,jsr_abs_l,0x0000DFAE
0x00D672,0x4EB9,jsr_abs_l,0x0000F90C
0x00D68A,0x4EB9,jsr_abs_l,0x0000F90C
0x00D690,0x4EB9,jsr_abs_l,0x0000E27A
0x00D6CE,0x4EB9,jsr_abs_l,0x00005AB0
0x00D6D4,0x4EB9,jsr_abs_l,0x0000EEEA
0x00D6EC,0x4EB9,jsr_abs_l,0x00006432
0x00D6F2,0x4EB9,jsr_abs_l,0x0000EBE6
0x00D70A,0x4EB9,jsr_abs_l,0x0000F90C
0x00D722,0x4EB9,jsr_abs_l,0x0000F90C
0x00D728,0x4EB9,jsr_abs_l,0x0000F4EC
0x00D75A,0x4EB9,jsr_abs_l,0x00005AB0
0x00D762,0x4EB9,jsr_abs_l,0x00008A4C
0x00D768,0x4EB9,jsr_abs_l,0x00008A4C
0x00D76E,0x4EB9,jsr_abs_l,0x0000F3FE
0x00D774,0x4EB9,jsr_abs_l,0x0000F474
0x00D77A,0x4EB9,jsr_abs_l,0x0000B876
0x00D780,0x4EB9,jsr_abs_l,0x00008BBA
0x00D78C,0x4EB9,jsr_abs_l,0x00005E70
0x00D792,0x4EB9,jsr_abs_l,0x0000D80E
0x00D798,0x4EB9,jsr_abs_l,0x0000D86A
0x00D79E,0x4EB9,jsr_abs_l,0x0000C1CC
0x00D7A4,0x4EB9,jsr_abs_l,0x000090DE
0x00D7AA,0x4EB9,jsr_abs_l,0x0000963A
0x00D7CC,0x4EB9,jsr_abs_l,0x00004878
0x00D7EA,0x4EB9,jsr_abs_l,0x0000485E
0x00D824,0x4EB9,jsr_abs_l,0x0000B360
0x00D8F2,0x4EB9,jsr_abs_l,0x0000B550
0x00D916,0x4EB9,jsr_abs_l,0x0000B550
0x00D9C6,0x4EB9,jsr_abs_l,0x0000B5C8
0x00D9E2,0x4EB9,jsr_abs_l,0x0000B5C8
0x00D9FC,0x4EB9,jsr_abs_l,0x0000B61E
0x00DA26,0x4EB9,jsr_abs_l,0x0000B550
0x00DA5A,0x4EB9,jsr_abs_l,0x0000B61E
0x00DA84,0x4EB9,jsr_abs_l,0x0000B550
0x00DAC6,0x4EB9,jsr_abs_l,0x00008ED8
0x00DAFA,0x4EB9,jsr_abs_l,0x0000B61E
0x00DB0E,0x4EB9,jsr_abs_l,0x0000900A
0x00DB20,0x4EB9,jsr_abs_l,0x0000B61E
0x00DB4A,0x4EB9,jsr_abs_l,0x00008ED8
0x00DB7E,0x4EB9,jsr_abs_l,0x0000B61E
0x00DB92,0x4EB9,jsr_abs_l,0x0000900A
0x00DBA4,0x4EB9,jsr_abs_l,0x0000B61E
0x00DBC0,0x4EB9,jsr_abs_l,0x0000B61E
0x00DBD2,0x4EB9,jsr_abs_l,0x0000B61E
0x00DBEE,0x4EB9,jsr_abs_l,0x0000B61E
0x00DC00,0x4EB9,jsr_abs_l,0x0000B61E
0x00DC1E,0x4EB9,jsr_abs_l,0x0000B5C8
0x00DC48,0x4EB9,jsr_abs_l,0x0000B5C8
0x00DC8C,0x4EB9,jsr_abs_l,0x0000B5C8
0x00DCB8,0x4EB9,jsr_abs_l,0x0000B61E
0x00DD0A,0x4EB9,jsr_abs_l,0x0000B5C8
0x00DD36,0x4EB9,jsr_abs_l,0x0000B61E
0x00DE66,0x4EB9,jsr_abs_l,0x0000B61E
0x00DE76,0x4EB9,jsr_abs_l,0x0000B61E
0x00DED4,0x4EB9,jsr_abs_l,0x000053B4
0x00DEF0,0x4EB9,jsr_abs_l,0x000053B4
0x00DF06,0x4EB9,jsr_abs_l,0x000053B4
0x00DF14,0x4EB9,jsr_abs_l,0x000053B4
0x00DF28,0x4EB9,jsr_abs_l,0x00005928
0x00DF44,0x4EB9,jsr_abs_l,0x000053B4
0x00DF5A,0x4EB9,jsr_abs_l,0x000053B4
0x00DF76,0x4EB9,jsr_abs_l,0x00005696
0x00DF92,0x4EB9,jsr_abs_l,0x00005696
0x00DFB8,0x4EB9,jsr_abs_l,0x00005E70
0x00DFC6,0x4EB9,jsr_abs_l,0x00005E70
0x00DFF2,0x4EB9,jsr_abs_l,0x00005CDC
0x00E018,0x4EB9,jsr_abs_l,0x00005CDC
0x00E038,0x4EB9,jsr_abs_l,0x00005CDC
0x00E05A,0x4EB9,jsr_abs_l,0x0000B550
0x00E062,0x4EB9,jsr_abs_l,0x0000B5C8
0x00E078,0x4EB9,jsr_abs_l,0x0000C036
0x00E094,0x4EB9,jsr_abs_l,0x0000BFCE
0x00E0B6,0x4EB9,jsr_abs_l,0x0000B550
0x00E0BE,0x4EB9,jsr_abs_l,0x0000B5C8
0x00E0D4,0x4EB9,jsr_abs_l,0x0000C036
0x00E0F0,0x4EB9,jsr_abs_l,0x0000BFCE
0x00E0FE,0x4EB9,jsr_abs_l,0x000053B4
0x00E104,0x4EB9,jsr_abs_l,0x0000F198
0x00E10A,0x4EB9,jsr_abs_l,0x0000F1E4
0x00E110,0x4EB9,jsr_abs_l,0x0000FB50
0x00E284,0x4EB9,jsr_abs_l,0x0000646C
0x00E2AE,0x4EB9,jsr_abs_l,0x0000B550
0x00E2C6,0x4EB9,jsr_abs_l,0x0000646C
0x00E2F0,0x4EB9,jsr_abs_l,0x0000B550
0x00E3DE,0x4EB9,jsr_abs_l,0x0000E9D0
0x00E41A,0x4EB9,jsr_abs_l,0x0000EBB2
0x00E4C8,0x4EB9,jsr_abs_l,0x0000EA7A
0x00E4D4,0x4EB9,jsr_abs_l,0x0000EA7A
0x00E584,0x4EB9,jsr_abs_l,0x0000E844
0x00E5CC,0x4EB9,jsr_abs_l,0x0000E5DA
0x00E63C,0x4EB9,jsr_abs_l,0x0000E844
0x00E70E,0x4EB9,jsr_abs_l,0x0000E844
0x00E71A,0x4EB9,jsr_abs_l,0x0000EA8A
0x00E79E,0x4EB9,jsr_abs_l,0x0000EA8A
0x00E8C0,0x4EB9,jsr_abs_l,0x0000E87A
0x00E928,0x4EB9,jsr_abs_l,0x00006722
0x00E960,0x4EB9,jsr_abs_l,0x0000E834
0x00E968,0x4EB9,jsr_abs_l,0x0000E834
0x00E970,0x4EB9,jsr_abs_l,0x0000ED54
0x00E98A,0x4EB9,jsr_abs_l,0x0000F4D4
0x00E9AC,0x4EB9,jsr_abs_l,0x0000F4D4
0x00EA1A,0x4EB9,jsr_abs_l,0x0000E9D0
0x00EA54,0x4EB9,jsr_abs_l,0x0000E87A
0x00EB60,0x4EB9,jsr_abs_l,0x0000EAF2
0x00EB9E,0x4EB9,jsr_abs_l,0x0000EAF2
0x00EBC6,0x4EB9,jsr_abs_l,0x0000EA7A
0x00EC42,0x4EB9,jsr_abs_l,0x0000EAF2
0x00EC66,0x4EB9,jsr_abs_l,0x0000EA7A
0x00EC70,0x4EB9,jsr_abs_l,0x0000EBB2
0x00EC86,0x4EB9,jsr_abs_l,0x000050CA
0x00ECBE,0x4EB9,jsr_abs_l,0x0000D8A4
0x00ECF6,0x4EB9,jsr_abs_l,0x0000ED54
0x00ED24,0x4EB9,jsr_abs_l,0x0000ED54
0x00ED64,0x4EB9,jsr_abs_l,0x00006722
0x00ED86,0x4EB9,jsr_abs_l,0x00006722
0x00ED9E,0x4EB9,jsr_abs_l,0x00006722
0x00EDDC,0x4EB9,jsr_abs_l,0x00006722
0x00EE18,0x4EB9,jsr_abs_l,0x00006722
0x00EE3A,0x4EB9,jsr_abs_l,0x00006722
0x00EE52,0x4EB9,jsr_abs_l,0x00006722
0x00EE90,0x4EB9,jsr_abs_l,0x00006722
0x00EF64,0x4EB9,jsr_abs_l,0x0000F080
0x00EF70,0x4EB9,jsr_abs_l,0x0000B61E
0x00EFB6,0x4EB9,jsr_abs_l,0x0000B550
0x00EFE0,0x4EB9,jsr_abs_l,0x00005EB0
0x00EFF8,0x4EB9,jsr_abs_l,0x0000F080
0x00F004,0x4EB9,jsr_abs_l,0x0000B61E
0x00F04A,0x4EB9,jsr_abs_l,0x0000B550
0x00F074,0x4EB9,jsr_abs_l,0x00005EB0
0x00F08C,0x4EB9,jsr_abs_l,0x0000B5C8
0x00F0A0,0x4EB9,jsr_abs_l,0x0000B550
0x00F0CA,0x4EB9,jsr_abs_l,0x0000B5C8
0x00F0DE,0x4EB9,jsr_abs_l,0x0000B550
0x00F0FE,0x4EB9,jsr_abs_l,0x0000B61E
0x00F112,0x4EB9,jsr_abs_l,0x0000B61E
0x00F154,0x4EB9,jsr_abs_l,0x000064B4
0x00F180,0x4EB9,jsr_abs_l,0x0000FB50
0x00F186,0x4EB9,jsr_abs_l,0x0000F198
0x00F18C,0x4EB9,jsr_abs_l,0x0000F1E4
0x00F1A2,0x4EB9,jsr_abs_l,0x0000B61E
0x00F1D8,0x4EB9,jsr_abs_l,0x0000D1D0
0x00F210,0x4EB9,jsr_abs_l,0x0000D1D0
0x00F226,0x4EB9,jsr_abs_l,0x0000B61E
0x00F25A,0x4EB9,jsr_abs_l,0x0000D1D0
0x00F260,0x4EB9,jsr_abs_l,0x0000FB50
0x00F276,0x4EB9,jsr_abs_l,0x0000B61E
0x00F2A6,0x4EB9,jsr_abs_l,0x0000D1D0
0x00F2AC,0x4EB9,jsr_abs_l,0x0000FB50
0x00F2C2,0x4EB9,jsr_abs_l,0x0000B61E
0x00F2DC,0x4EB9,jsr_abs_l,0x00004A6C
0x00F2E8,0x4EB9,jsr_abs_l,0x0000665E
0x00F306,0x4EB9,jsr_abs_l,0x0000665E
0x00F31E,0x4EB9,jsr_abs_l,0x00004A74
0x00F334,0x4EB9,jsr_abs_l,0x0000B61E
0x00F34A,0x4EB9,jsr_abs_l,0x00004A6C
0x00F356,0x4EB9,jsr_abs_l,0x0000665E
0x00F376,0x4EB9,jsr_abs_l,0x0000665E
0x00F38E,0x4EB9,jsr_abs_l,0x00004A74
0x00F394,0x4EB9,jsr_abs_l,0x00004A74
0x00F40A,0x4EB9,jsr_abs_l,0x0000B550
0x00F444,0x4EB9,jsr_abs_l,0x0000B550
0x00F484,0x4EB9,jsr_abs_l,0x0000B550
0x00F48C,0x4EB9,jsr_abs_l,0x0000B5C8
0x00F4A6,0x4EB9,jsr_abs_l,0x0000B550
0x00F4AE,0x4EB9,jsr_abs_l,0x0000B5C8
0x00F50A,0x4EB9,jsr_abs_l,0x0000B550
0x00F528,0x4EB9,jsr_abs_l,0x0000B550
0x00F58A,0x4EB9,jsr_abs_l,0x00006200
0x00F59A,0x4EB9,jsr_abs_l,0x00006200
0x00F5AE,0x4EB9,jsr_abs_l,0x00006200
0x00F5C2,0x4EB9,jsr_abs_l,0x00006200
0x00F5D6,0x4EB9,jsr_abs_l,0x0000F984
0x00F5F4,0x4EB9,jsr_abs_l,0x00005CDC
0x00F618,0x4EB9,jsr_abs_l,0x00006200
0x00F626,0x4EB9,jsr_abs_l,0x00006200
0x00F63A,0x4EB9,jsr_abs_l,0x00006200
0x00F648,0x4EB9,jsr_abs_l,0x00006200
0x00F67E,0x4EB9,jsr_abs_l,0x0000F550
0x00F684,0x4EB9,jsr_abs_l,0x0000646C
0x00F6AA,0x4EB9,jsr_abs_l,0x0000F984
0x00F6C8,0x4EB9,jsr_abs_l,0x00005CDC
0x00F6EC,0x4EB9,jsr_abs_l,0x0000F8DE
0x00F6FA,0x4EB9,jsr_abs_l,0x0000F8DE
0x00F70E,0x4EB9,jsr_abs_l,0x0000F8DE
0x00F71C,0x4EB9,jsr_abs_l,0x0000F8DE
0x00F76A,0x4EB9,jsr_abs_l,0x0000F550
0x00F770,0x4EB9,jsr_abs_l,0x0000646C
0x00F796,0x4EB9,jsr_abs_l,0x0000F984
0x00F7B4,0x4EB9,jsr_abs_l,0x00005CDC
0x00F7DC,0x4EB9,jsr_abs_l,0x00006200
0x00F7E8,0x4EB9,jsr_abs_l,0x00005EB0
0x00F810,0x4EB9,jsr_abs_l,0x00006200
0x00F81C,0x4EB9,jsr_abs_l,0x00005EB0
0x00F822,0x4EB9,jsr_abs_l,0x0000646C
0x00F848,0x4EB9,jsr_abs_l,0x0000F984
0x00F866,0x4EB9,jsr_abs_l,0x00005CDC
0x00F890,0x4EB9,jsr_abs_l,0x00006200
0x00F89C,0x4EB9,jsr_abs_l,0x00005EB0
0x00F8C6,0x4EB9,jsr_abs_l,0x00006200
0x00F8D2,0x4EB9,jsr_abs_l,0x00005EB0
0x00F8F0,0x4EB9,jsr_abs_l,0x00005EB0
0x00F900,0x4EB9,jsr_abs_l,0x00006200
0x00F910,0x4EB9,jsr_abs_l,0x00004A6C
0x00F918,0x4EB9,jsr_abs_l,0x0000665E
0x00F978,0x4EB9,jsr_abs_l,0x00004A74
0x00F9AA,0x4EB9,jsr_abs_l,0x00005CDC
0x00F9CC,0x4EB9,jsr_abs_l,0x00004FDA
0x00F9E4,0x4EB9,jsr_abs_l,0x00004FDA
0x00FA1C,0x4EB9,jsr_abs_l,0x0000862E
0x00FA34,0x4EB9,jsr_abs_l,0x0000B5C8
0x00FA64,0x4EB9,jsr_abs_l,0x00005F96
0x00FA78,0x4EB9,jsr_abs_l,0x00005F7C
0x00FA96,0x4EB9,jsr_abs_l,0x00006200
0x00FACA,0x4EB9,jsr_abs_l,0x0000862E
0x00FAE2,0x4EB9,jsr_abs_l,0x0000B5C8
0x00FB12,0x4EB9,jsr_abs_l,0x00005F96
0x00FB26,0x4EB9,jsr_abs_l,0x00005F7C
0x00FB44,0x4EB9,jsr_abs_l,0x00006200
0x00FB72,0x4EB9,jsr_abs_l,0x00006200
0x00FB86,0x4EB9,jsr_abs_l,0x00006200
0x00FE36,0x4EB9,jsr_abs_l,0x000053B4
0x00FE44,0x4EB9,jsr_abs_l,0x000053B4
0x00FE54,0x4EB9,jsr_abs_l,0x0000596A
0x00FEAE,0x4EB9,jsr_abs_l,0x00004878
0x00FEB4,0x4EB9,jsr_abs_l,0x00008F22
0x00FEBA,0x4EB9,jsr_abs_l,0x0000B550
0x00FF2E,0x4EB9,jsr_abs_l,0x0000485E
0x00FF3E,0x4EB9,jsr_abs_l,0x00008F22
0x00FF44,0x4EB9,jsr_abs_l,0x0000B550
0x00FF84,0x4EB9,jsr_abs_l,0x0000658C
0x00FF8A,0x4EB9,jsr_abs_l,0x0000646C
0x00FFFE,0x4EB9,jsr_abs_l,0x0000658C
0x010004,0x4EB9,jsr_abs_l,0x00004878
0x010110,0x4EB9,jsr_abs_l,0x00004F86
0x010238,0x4EB9,jsr_abs_l,0x0000485E
0x01025C,0x4EB9,jsr_abs_l,0x0000485E
0x01029E,0x4EB9,jsr_abs_l,0x0000485E
0x0102E0,0x4EB9,jsr_abs_l,0x0000485E
0x0102EE,0x4EB9,jsr_abs_l,0x00004878
0x0102FA,0x4EB9,jsr_abs_l,0x0000485E
0x010302,0x4EB9,jsr_abs_l,0x00004878
0x010342,0x4EB9,jsr_abs_l,0x00004878
0x01034E,0x4EB9,jsr_abs_l,0x0000485E
0x010372,0x4EB9,jsr_abs_l,0x000053B4
0x0103AA,0x4EB9,jsr_abs_l,0x0000485E
0x0103E8,0x4EB9,jsr_abs_l,0x0000485E
0x010456,0x4EB9,jsr_abs_l,0x0000485E
0x010462,0x4EB9,jsr_abs_l,0x0000485E
0x01046E,0x4EB9,jsr_abs_l,0x00004878
0x0104A4,0x4EB9,jsr_abs_l,0x0000485E
0x0104D4,0x4EB9,jsr_abs_l,0x0000485E
0x010500,0x4EB9,jsr_abs_l,0x00004878
0x01050C,0x4EB9,jsr_abs_l,0x0000485E
0x010518,0x4EB9,jsr_abs_l,0x0000485E
0x01057E,0x4EB9,jsr_abs_l,0x0000485E
0x0105BE,0x4EB9,jsr_abs_l,0x0000485E
0x0105E4,0x4EB9,jsr_abs_l,0x0000485E
0x0105F0,0x4EB9,jsr_abs_l,0x0000485E
0x0105FC,0x4EB9,jsr_abs_l,0x0000658C
0x010602,0x4EB9,jsr_abs_l,0x0000646C
0x010742,0x4EB9,jsr_abs_l,0x0000658C
0x010758,0x4EB9,jsr_abs_l,0x0000485E
0x010792,0x4EB9,jsr_abs_l,0x0000658C
0x0107C0,0x4EB9,jsr_abs_l,0x0000485E
0x0107E6,0x4EB9,jsr_abs_l,0x0000485E
0x0107F2,0x4EB9,jsr_abs_l,0x0000485E
0x01083E,0x4EB9,jsr_abs_l,0x00005F60
0x010852,0x4EB9,jsr_abs_l,0x00006672
0x010866,0x4EB9,jsr_abs_l,0x00006156
0x010876,0x4EB9,jsr_abs_l,0x00005EFE
0x0108F4,0x4EB9,jsr_abs_l,0x000060C0
0x01090E,0x4EB9,jsr_abs_l,0x00006672
0x010920,0x4EB9,jsr_abs_l,0x000061CE
0x010936,0x4EB9,jsr_abs_l,0x000060C0
0x0109CA,0x4EB9,jsr_abs_l,0x0000485E
0x0109FA,0x4EB9,jsr_abs_l,0x0000485E
0x010A02,0x4EB9,jsr_abs_l,0x00004878
0x010A52,0x4EB9,jsr_abs_l,0x00004878
0x010A5E,0x4EB9,jsr_abs_l,0x0000485E
0x010A94,0x4EB9,jsr_abs_l,0x0000485E
0x010AC6,0x4EB9,jsr_abs_l,0x0000485E
0x010AEE,0x4EB9,jsr_abs_l,0x0000485E
0x010B24,0x4EB9,jsr_abs_l,0x0000485E
0x010B5E,0x4EB9,jsr_abs_l,0x0000485E
0x010B8E,0x4EB9,jsr_abs_l,0x0000485E
0x010BC4,0x4EB9,jsr_abs_l,0x0000485E
0x010BFE,0x4EB9,jsr_abs_l,0x0000485E
0x010C1E,0x4EB9,jsr_abs_l,0x0000CD82
0x010C34,0x4EB9,jsr_abs_l,0x0000485E
0x010C68,0x4EB9,jsr_abs_l,0x0000485E
0x010C8E,0x4EB9,jsr_abs_l,0x0000485E
0x010CB6,0x4EB9,jsr_abs_l,0x00005F60
0x010CC8,0x4EB9,jsr_abs_l,0x00005F60
0x010CF8,0x4EB9,jsr_abs_l,0x0000485E
0x010D34,0x4EB9,jsr_abs_l,0x0000485E
0x010D6A,0x4EB9,jsr_abs_l,0x0000485E
0x010D72,0x4EB9,jsr_abs_l,0x00004878
0x010D7E,0x4EB9,jsr_abs_l,0x0000485E
0x010D8A,0x4EB9,jsr_abs_l,0x0000485E
0x010DA2,0x4EB9,jsr_abs_l,0x00007906
0x010DD2,0x4EB9,jsr_abs_l,0x0000485E
0x010E0E,0x4EB9,jsr_abs_l,0x0000485E
0x010E44,0x4EB9,jsr_abs_l,0x0000485E
0x010E4C,0x4EB9,jsr_abs_l,0x00004878
0x010E58,0x4EB9,jsr_abs_l,0x0000485E
0x010E64,0x4EB9,jsr_abs_l,0x0000485E
0x010E7C,0x4EB9,jsr_abs_l,0x00007A34
0x010E90,0x4EB9,jsr_abs_l,0x000083C6
0x010EA6,0x4EB9,jsr_abs_l,0x00005F60
0x010EBA,0x4EB9,jsr_abs_l,0x000083C6
0x010EF6,0x4EB9,jsr_abs_l,0x0000485E
0x010F1A,0x4EB9,jsr_abs_l,0x00007ECC
0x010F3E,0x4EB9,jsr_abs_l,0x0000485E
0x010F50,0x4EB9,jsr_abs_l,0x00004878
0x010F5C,0x4EB9,jsr_abs_l,0x0000485E
0x010FA6,0x4EB9,jsr_abs_l,0x00004F86
0x010FC6,0x4EB9,jsr_abs_l,0x00004F86
0x010FE6,0x4EB9,jsr_abs_l,0x00004F86
0x011016,0x4EB9,jsr_abs_l,0x00004878
0x011036,0x4EB9,jsr_abs_l,0x000053B4
0x0110D2,0x4EB9,jsr_abs_l,0x0000658C
0x0110D8,0x4EB9,jsr_abs_l,0x0000646C
0x0110F2,0x4EB9,jsr_abs_l,0x0000658C
0x0110F8,0x4EB9,jsr_abs_l,0x000064B4
0x011138,0x4EB9,jsr_abs_l,0x0000485E
0x01116E,0x4EB9,jsr_abs_l,0x0000593A
0x011180,0x4EB9,jsr_abs_l,0x0000485E
0x0111BC,0x4EB9,jsr_abs_l,0x00005CDC
0x0111D2,0x4EB9,jsr_abs_l,0x0000485E
0x011214,0x4EB9,jsr_abs_l,0x00005CDC
0x011220,0x4EB9,jsr_abs_l,0x0000485E
0x01126A,0x4EB9,jsr_abs_l,0x0000B138
0x0112A0,0x4EB9,jsr_abs_l,0x0000658C
0x0112AA,0x4EB9,jsr_abs_l,0x0000658C
0x0112B4,0x4EB9,jsr_abs_l,0x00004878
0x0112C0,0x4EB9,jsr_abs_l,0x0000485E
0x0112CC,0x4EB9,jsr_abs_l,0x0000485E
0x0112D8,0x4EB9,jsr_abs_l,0x0000485E
0x0112FA,0x4EB9,jsr_abs_l,0x00005CDC
0x011314,0x4EB9,jsr_abs_l,0x000053B4
0x01131A,0x4EB9,jsr_abs_l,0x00004878
0x011426,0x4EB9,jsr_abs_l,0x0000B11E
0x011436,0x4EB9,jsr_abs_l,0x00004878
0x0114C4,0x4EB9,jsr_abs_l,0x00006672
0x0114EA,0x4EB9,jsr_abs_l,0x00006672
0x011528,0x4EB9,jsr_abs_l,0x00004878
0x011594,0x4EB9,jsr_abs_l,0x00005F60
0x011648,0x4EB9,jsr_abs_l,0x00013E64
0x011692,0x4EB9,jsr_abs_l,0x00004878
0x011756,0x4EB9,jsr_abs_l,0x00004F86
0x01177E,0x4EB9,jsr_abs_l,0x00004F86
0x0117E6,0x4EB9,jsr_abs_l,0x00004F86
0x01180A,0x4EB9,jsr_abs_l,0x00004F86
0x011816,0x4EB9,jsr_abs_l,0x0000B876
0x011854,0x4EB9,jsr_abs_l,0x00004878
0x01185C,0x4EB9,jsr_abs_l,0x0000FE2A
0x011868,0x4EB9,jsr_abs_l,0x00005E70
0x011872,0x4EB9,jsr_abs_l,0x00005E70
0x0118A2,0x4EB9,jsr_abs_l,0x000053B4
0x0118C8,0x4EB9,jsr_abs_l,0x0000B822
0x0118DE,0x4EB9,jsr_abs_l,0x0000658C
0x0118E4,0x4EB9,jsr_abs_l,0x0000646C
0x011900,0x4EB9,jsr_abs_l,0x00013EAE
0x01197A,0x4EB9,jsr_abs_l,0x0000485E
0x0119EE,0x4EB9,jsr_abs_l,0x0000B61E
0x011A48,0x4EB9,jsr_abs_l,0x00013E64
0x011A68,0x4EB9,jsr_abs_l,0x00010F64
0x011A8E,0x4EB9,jsr_abs_l,0x0000658C
0x011A98,0x4EB9,jsr_abs_l,0x0000658C
0x011A9E,0x4EB9,jsr_abs_l,0x000064B4
0x011AB4,0x4EB9,jsr_abs_l,0x0000658C
0x011ABA,0x4EB9,jsr_abs_l,0x000064B4
0x011AD0,0x4EB9,jsr_abs_l,0x0000658C
0x011AD6,0x4EB9,jsr_abs_l,0x000064B4
0x011B0C,0x4EB9,jsr_abs_l,0x0000485E
0x011B2C,0x4EB9,jsr_abs_l,0x00004A6C
0x011B4C,0x4EB9,jsr_abs_l,0x000058E2
0x011B64,0x4EB9,jsr_abs_l,0x00004A74
0x011B7A,0x4EB9,jsr_abs_l,0x0000485E
0x011BCA,0x4EB9,jsr_abs_l,0x0000485E
0x011BF2,0x4EB9,jsr_abs_l,0x0000485E
0x011C0A,0x4EB9,jsr_abs_l,0x0000485E
0x011C28,0x4EB9,jsr_abs_l,0x0000658C
0x011C34,0x4EB9,jsr_abs_l,0x0000485E
0x011C70,0x4EB9,jsr_abs_l,0x0000485E
0x011C7C,0x4EB9,jsr_abs_l,0x0000658C
0x011C86,0x4EB9,jsr_abs_l,0x0000658C
0x011C90,0x4EB9,jsr_abs_l,0x0000658C
0x011C9A,0x4EB9,jsr_abs_l,0x0000658C
0x011CA0,0x4EB9,jsr_abs_l,0x0000B876
0x011CA6,0x4EB9,jsr_abs_l,0x00004878
0x011CEC,0x4EB9,jsr_abs_l,0x0000658C
0x011CF2,0x4EB9,jsr_abs_l,0x0000646C
0x011D04,0x4EB9,jsr_abs_l,0x000135EC
0x011D24,0x4EB9,jsr_abs_l,0x00005F7C
0x011D38,0x4EB9,jsr_abs_l,0x00005F60
0x011D54,0x4EB9,jsr_abs_l,0x0000485E
0x011D74,0x4EB9,jsr_abs_l,0x0000485E
0x011DD0,0x4EB9,jsr_abs_l,0x0000B5C8
0x011E2E,0x4EB9,jsr_abs_l,0x00013E64
0x011E66,0x4EB9,jsr_abs_l,0x0000485E
0x011EBE,0x4EB9,jsr_abs_l,0x0000B5C8
0x011EE6,0x4EB9,jsr_abs_l,0x0000658C
0x011EF4,0x4EB9,jsr_abs_l,0x00004878
0x011F38,0x4EB9,jsr_abs_l,0x0000485E
0x011F46,0x4EB9,jsr_abs_l,0x00004878
0x011F52,0x4EB9,jsr_abs_l,0x0000485E
0x011F7E,0x4EB9,jsr_abs_l,0x0000485E
0x011F98,0x4EB9,jsr_abs_l,0x00004878
0x011FA4,0x4EB9,jsr_abs_l,0x0000485E
0x01201A,0x4EB9,jsr_abs_l,0x0000485E
0x01203C,0x4EB9,jsr_abs_l,0x00005F7C
0x0120CA,0x4EB9,jsr_abs_l,0x00013E7E
0x012106,0x4EB9,jsr_abs_l,0x00013E7E
0x012120,0x4EB9,jsr_abs_l,0x0000485E
0x012142,0x4EB9,jsr_abs_l,0x0000658C
0x012148,0x4EB9,jsr_abs_l,0x0000646C
0x01218E,0x4EB9,jsr_abs_l,0x0000485E
0x01219A,0x4EB9,jsr_abs_l,0x0000485E
0x0121E8,0x4EB9,jsr_abs_l,0x0000658C
0x012208,0x4EB9,jsr_abs_l,0x00005F7C
0x01220E,0x4EB9,jsr_abs_l,0x00004878
0x012216,0x4EB9,jsr_abs_l,0x00013D0A
0x012254,0x4EB9,jsr_abs_l,0x0000485E
0x01227E,0x4EB9,jsr_abs_l,0x0000485E
0x01228A,0x4EB9,jsr_abs_l,0x0000658C
0x012290,0x4EB9,jsr_abs_l,0x0000646C
0x0122B0,0x4EB9,jsr_abs_l,0x00004878
0x0122BC,0x4EB9,jsr_abs_l,0x0000BF4C
0x0122D4,0x4EB9,jsr_abs_l,0x0000B61E
0x0122EC,0x4EB9,jsr_abs_l,0x0000B5C8
0x012310,0x4EB9,jsr_abs_l,0x000062BE
0x012316,0x4EB9,jsr_abs_l,0x00005F60
0x01233A,0x4EB9,jsr_abs_l,0x00005F60
0x01234A,0x4EB9,jsr_abs_l,0x00005F60
0x012358,0x4EB9,jsr_abs_l,0x00005F60
0x012366,0x4EB9,jsr_abs_l,0x00005F60
0x012374,0x4EB9,jsr_abs_l,0x00005F60
0x012382,0x4EB9,jsr_abs_l,0x00005F60
0x01239A,0x4EB9,jsr_abs_l,0x00006672
0x0123AC,0x4EB9,jsr_abs_l,0x00006156
0x0123BC,0x4EB9,jsr_abs_l,0x00006672
0x0123CA,0x4EB9,jsr_abs_l,0x00006156
0x0123DC,0x4EB9,jsr_abs_l,0x00006672
0x0123EE,0x4EB9,jsr_abs_l,0x00006156
0x0123FE,0x4EB9,jsr_abs_l,0x00006672
0x01240C,0x4EB9,jsr_abs_l,0x00006156
0x01241C,0x4EB9,jsr_abs_l,0x00006672
0x01242A,0x4EB9,jsr_abs_l,0x00006156
0x01243A,0x4EB9,jsr_abs_l,0x00006672
0x012448,0x4EB9,jsr_abs_l,0x00006156
0x012458,0x4EB9,jsr_abs_l,0x00006672
0x012466,0x4EB9,jsr_abs_l,0x00006156
0x01247C,0x4EB9,jsr_abs_l,0x0000B61E
0x01249A,0x4EB9,jsr_abs_l,0x000062BE
0x0124A0,0x4EB9,jsr_abs_l,0x00005F60
0x0124B0,0x4EB9,jsr_abs_l,0x00005F60
0x0124BE,0x4EB9,jsr_abs_l,0x00005F60
0x0124CC,0x4EB9,jsr_abs_l,0x00005F60
0x0124DA,0x4EB9,jsr_abs_l,0x00005F60
0x0124E8,0x4EB9,jsr_abs_l,0x00005F60
0x0124FA,0x4EB9,jsr_abs_l,0x00006672
0x01250C,0x4EB9,jsr_abs_l,0x00006156
0x01251C,0x4EB9,jsr_abs_l,0x00006672
0x01252A,0x4EB9,jsr_abs_l,0x00006156
0x01253A,0x4EB9,jsr_abs_l,0x00006672
0x012548,0x4EB9,jsr_abs_l,0x00006156
0x012558,0x4EB9,jsr_abs_l,0x00006672
0x012566,0x4EB9,jsr_abs_l,0x00006156
0x012576,0x4EB9,jsr_abs_l,0x00006672
0x012584,0x4EB9,jsr_abs_l,0x00006156
0x012594,0x4EB9,jsr_abs_l,0x0000BF4C
0x0125B4,0x4EB9,jsr_abs_l,0x0000BF4C
0x0125E0,0x4EB9,jsr_abs_l,0x0000BF4C
0x01261C,0x4EB9,jsr_abs_l,0x0000B61E
0x01263E,0x4EB9,jsr_abs_l,0x00005F60
0x012662,0x4EB9,jsr_abs_l,0x00005F60
0x012676,0x4EB9,jsr_abs_l,0x00005F60
0x012688,0x4EB9,jsr_abs_l,0x00006672
0x01269A,0x4EB9,jsr_abs_l,0x00006156
0x0126C6,0x4EB9,jsr_abs_l,0x0000B61E
0x0126DE,0x4EB9,jsr_abs_l,0x00005F60
0x012702,0x4EB9,jsr_abs_l,0x00005F60
0x012716,0x4EB9,jsr_abs_l,0x00005F60
0x012726,0x4EB9,jsr_abs_l,0x00006672
0x012738,0x4EB9,jsr_abs_l,0x00006156
0x01275E,0x4EB9,jsr_abs_l,0x0000B61E
0x012780,0x4EB9,jsr_abs_l,0x000062BE
0x012786,0x4EB9,jsr_abs_l,0x00005F60
0x012794,0x4EB9,jsr_abs_l,0x00005F60
0x0127A2,0x4EB9,jsr_abs_l,0x00005F60
0x0127C6,0x4EB9,jsr_abs_l,0x000062BE
0x0127CC,0x4EB9,jsr_abs_l,0x00005F60
0x0127E0,0x4EB9,jsr_abs_l,0x00005F7C
0x0127F0,0x4EB9,jsr_abs_l,0x00006672
0x012802,0x4EB9,jsr_abs_l,0x00006156
0x012824,0x4EB9,jsr_abs_l,0x00005F7C
0x012832,0x4EB9,jsr_abs_l,0x00005F7C
0x012840,0x4EB9,jsr_abs_l,0x00005F7C
0x01284E,0x4EB9,jsr_abs_l,0x00005F7C
0x01286C,0x4EB9,jsr_abs_l,0x0000B61E
0x01287A,0x4EB9,jsr_abs_l,0x00006672
0x01288C,0x4EB9,jsr_abs_l,0x00006156
0x01289C,0x4EB9,jsr_abs_l,0x00006672
0x0128AA,0x4EB9,jsr_abs_l,0x00006156
0x0128BA,0x4EB9,jsr_abs_l,0x00006672
0x0128C8,0x4EB9,jsr_abs_l,0x00006156
0x0128D8,0x4EB9,jsr_abs_l,0x00006672
0x0128E6,0x4EB9,jsr_abs_l,0x00006156
0x01290E,0x4EB9,jsr_abs_l,0x00005F7C
0x01291C,0x4EB9,jsr_abs_l,0x00005F7C
0x01292A,0x4EB9,jsr_abs_l,0x00005F7C
0x012938,0x4EB9,jsr_abs_l,0x00005F7C
0x012956,0x4EB9,jsr_abs_l,0x0000B61E
0x012964,0x4EB9,jsr_abs_l,0x00006672
0x012976,0x4EB9,jsr_abs_l,0x00006156
0x012986,0x4EB9,jsr_abs_l,0x00006672
0x012994,0x4EB9,jsr_abs_l,0x00006156
0x0129A4,0x4EB9,jsr_abs_l,0x00006672
0x0129B2,0x4EB9,jsr_abs_l,0x00006156
0x0129C2,0x4EB9,jsr_abs_l,0x00006672
0x0129D0,0x4EB9,jsr_abs_l,0x00006156
0x0129EC,0x4EB9,jsr_abs_l,0x00005F60
0x0129FA,0x4EB9,jsr_abs_l,0x00005F60
0x012A0A,0x4EB9,jsr_abs_l,0x00005F7C
0x012A18,0x4EB9,jsr_abs_l,0x00005F7C
0x012A34,0x4EB9,jsr_abs_l,0x0000B61E
0x012A42,0x4EB9,jsr_abs_l,0x00006672
0x012A54,0x4EB9,jsr_abs_l,0x00006156
0x012A64,0x4EB9,jsr_abs_l,0x00006672
0x012A76,0x4EB9,jsr_abs_l,0x00006156
0x012A86,0x4EB9,jsr_abs_l,0x00006672
0x012A94,0x4EB9,jsr_abs_l,0x00006156
0x012AAC,0x4EB9,jsr_abs_l,0x00006672
0x012AC6,0x4EB9,jsr_abs_l,0x00006156
0x012AD6,0x4EB9,jsr_abs_l,0x00005EFE
0x012AEC,0x4EB9,jsr_abs_l,0x0000B61E
0x012B02,0x4EB9,jsr_abs_l,0x0000B5C8
0x012B22,0x4EB9,jsr_abs_l,0x00005F60
0x012B32,0x4EB9,jsr_abs_l,0x00005F60
0x012B40,0x4EB9,jsr_abs_l,0x00005F60
0x012B4E,0x4EB9,jsr_abs_l,0x00005F60
0x012B5C,0x4EB9,jsr_abs_l,0x00005F60
0x012B6E,0x4EB9,jsr_abs_l,0x00006672
0x012B80,0x4EB9,jsr_abs_l,0x00006156
0x012B90,0x4EB9,jsr_abs_l,0x00006672
0x012B9E,0x4EB9,jsr_abs_l,0x00006156
0x012BAE,0x4EB9,jsr_abs_l,0x00006672
0x012BBC,0x4EB9,jsr_abs_l,0x00006156
0x012BCC,0x4EB9,jsr_abs_l,0x00006672
0x012BDA,0x4EB9,jsr_abs_l,0x00006156
0x012C2A,0x4EB9,jsr_abs_l,0x00005F60
0x012C5A,0x4EB9,jsr_abs_l,0x0000658C
0x012C60,0x4EB9,jsr_abs_l,0x000064B4
0x012CB2,0x4EF9,jmp_abs_l,0x00012CFE
0x012CCC,0x4EB9,jsr_abs_l,0x000095D2
0x012CD8,0x4EB9,jsr_abs_l,0x0000485E
0x012CF6,0x4EB9,jsr_abs_l,0x0000485E
0x012E6A,0x4EB9,jsr_abs_l,0x00013E64
0x012ED2,0x4EB9,jsr_abs_l,0x0000658C
0x012EE0,0x4EB9,jsr_abs_l,0x00004878
0x012FBA,0x4EB9,jsr_abs_l,0x00013E7E
0x012FC4,0x4EB9,jsr_abs_l,0x0000658C
0x012FCA,0x4EB9,jsr_abs_l,0x0000646C
0x013040,0x4EB9,jsr_abs_l,0x00005928
0x013050,0x4EB9,jsr_abs_l,0x0000590C
0x01305C,0x4EB9,jsr_abs_l,0x0000C036
0x013068,0x4EB9,jsr_abs_l,0x0000485E
0x013088,0x4EB9,jsr_abs_l,0x0000658C
0x01308E,0x4EB9,jsr_abs_l,0x0000646C
0x0130B0,0x4EB9,jsr_abs_l,0x00013658
0x0130D0,0x4EB9,jsr_abs_l,0x00005F60
0x013196,0x4EB9,jsr_abs_l,0x00013E64
0x0131EC,0x4EB9,jsr_abs_l,0x00013E64
0x013222,0x4EB9,jsr_abs_l,0x00005F60
0x013240,0x4EB9,jsr_abs_l,0x0000658C
0x01324E,0x4EB9,jsr_abs_l,0x00004878
0x0132E4,0x4EB9,jsr_abs_l,0x00012590
0x01332A,0x4EB9,jsr_abs_l,0x00005928
0x01333A,0x4EB9,jsr_abs_l,0x0000590C
0x013346,0x4EB9,jsr_abs_l,0x0000C036
0x013352,0x4EB9,jsr_abs_l,0x0000485E
0x01335E,0x4EB9,jsr_abs_l,0x0000485E
0x0133C4,0x4EB9,jsr_abs_l,0x0000485E
0x0133DE,0x4EB9,jsr_abs_l,0x00004878
0x0133EA,0x4EB9,jsr_abs_l,0x0000485E
0x0133F6,0x4EB9,jsr_abs_l,0x0000658C
0x0133FC,0x4EB9,jsr_abs_l,0x0000646C
0x01343E,0x4EB9,jsr_abs_l,0x00013E64
0x01356E,0x4EB9,jsr_abs_l,0x0000658C
0x013574,0x4EB9,jsr_abs_l,0x00004878
0x01362A,0x4EB9,jsr_abs_l,0x00005F60
0x01369C,0x4EB9,jsr_abs_l,0x000062BE
0x0136A2,0x4EB9,jsr_abs_l,0x00005F60
0x0136E8,0x4EB9,jsr_abs_l,0x0000B61E
0x01370E,0x4EB9,jsr_abs_l,0x000062BE
0x013714,0x4EB9,jsr_abs_l,0x00005F60
0x013724,0x4EB9,jsr_abs_l,0x00006672
0x013736,0x4EB9,jsr_abs_l,0x00006156
0x013746,0x4EB9,jsr_abs_l,0x00005EFE
0x01375A,0x4EB9,jsr_abs_l,0x00005EFE
0x01376A,0x4EB9,jsr_abs_l,0x00006672
0x01377C,0x4EB9,jsr_abs_l,0x00006156
0x01378C,0x4EB9,jsr_abs_l,0x00005EFE
0x01379C,0x4EB9,jsr_abs_l,0x00006672
0x0137AE,0x4EB9,jsr_abs_l,0x00006156
0x0137BE,0x4EB9,jsr_abs_l,0x00005EFE
0x0137CE,0x4EB9,jsr_abs_l,0x00006672
0x0137E0,0x4EB9,jsr_abs_l,0x00006156
0x013816,0x4EB9,jsr_abs_l,0x00005F60
0x013916,0x4EB9,jsr_abs_l,0x00004878
0x0139D6,0x4EB9,jsr_abs_l,0x0000658C
0x0139DC,0x4EB9,jsr_abs_l,0x000064B4
0x013A68,0x4EB9,jsr_abs_l,0x0000B61E
0x013AF2,0x4EB9,jsr_abs_l,0x00013E42
0x013B94,0x4EB9,jsr_abs_l,0x0000B61E
0x013C40,0x4EB9,jsr_abs_l,0x0000658C
0x013C56,0x4EB9,jsr_abs_l,0x00004878
0x013C62,0x4EB9,jsr_abs_l,0x0000485E
0x013CDE,0x4EB9,jsr_abs_l,0x0000658C
0x013CF6,0x4EB9,jsr_abs_l,0x00004878
0x013D02,0x4EB9,jsr_abs_l,0x0000485E
0x013DBA,0x4EB9,jsr_abs_l,0x0000B61E
0x013DE6,0x4EB9,jsr_abs_l,0x00013E42
0x013EF4,0x4EB9,jsr_abs_l,0x00005CDC
0x013F1E,0x4EB9,jsr_abs_l,0x00005CDC
0x013F48,0x4EB9,jsr_abs_l,0x00005CDC
0x013F72,0x4EB9,jsr_abs_l,0x00005CDC
0x013F94,0x4EB9,jsr_abs_l,0x00005CDC
0x014008,0x4EB9,jsr_abs_l,0x00004F86
0x014092,0x4EB9,jsr_abs_l,0x00004F86
0x014108,0x4EB9,jsr_abs_l,0x00004F86
0x014172,0x4EB9,jsr_abs_l,0x00004F86
0x0141E8,0x4EB9,jsr_abs_l,0x000062BE
0x014204,0x4EB9,jsr_abs_l,0x00005F60
0x01421A,0x4EB9,jsr_abs_l,0x00004F86
0x014292,0x4EB9,jsr_abs_l,0x00004F86
0x014322,0x4EB9,jsr_abs_l,0x00004F86
0x014336,0x4EB9,jsr_abs_l,0x00006672
0x01435A,0x4EB9,jsr_abs_l,0x00006156
0x01436A,0x4EB9,jsr_abs_l,0x00005EFE
0x0143DA,0x4EB9,jsr_abs_l,0x00004F86
0x014410,0x4EB9,jsr_abs_l,0x00004F86
0x014438,0x4EB9,jsr_abs_l,0x0000502A
0x014548,0x4EB9,jsr_abs_l,0x0000B61E
0x014564,0x4EB9,jsr_abs_l,0x0000B61E
0x0145B0,0x4EB9,jsr_abs_l,0x00008ED8
0x0145BE,0x4EB9,jsr_abs_l,0x0000B61E
0x0146A2,0x4EB9,jsr_abs_l,0x0000B876
0x0146A8,0x4EB9,jsr_abs_l,0x0000B62C
0x01470E,0x4EB9,jsr_abs_l,0x00008ED8
0x014720,0x4EB9,jsr_abs_l,0x0000B61E
0x0147F6,0x4EB9,jsr_abs_l,0x0000B61E
0x01494A,0x4EB9,jsr_abs_l,0x0000B61E
0x014A3A,0x4EB9,jsr_abs_l,0x0000B876
0x014A40,0x4EB9,jsr_abs_l,0x0000B62C
0x014A74,0x4EB9,jsr_abs_l,0x0000485E
0x014A9E,0x4EB9,jsr_abs_l,0x0000485E
0x014ACC,0x4EB9,jsr_abs_l,0x0000963A
0x014AF2,0x4EB9,jsr_abs_l,0x0000485E
0x014B20,0x4EB9,jsr_abs_l,0x0000485E
0x014B5A,0x4EB9,jsr_abs_l,0x00004878
0x014BC0,0x4EB9,jsr_abs_l,0x00008F3C
0x014BC6,0x4EB9,jsr_abs_l,0x0000963A
0x014C14,0x4EB9,jsr_abs_l,0x00008ED8
0x014C26,0x4EB9,jsr_abs_l,0x0000B61E
0x014C46,0x4EB9,jsr_abs_l,0x0000963A
0x014C6A,0x4EB9,jsr_abs_l,0x00007766
0x014C9A,0x4EB9,jsr_abs_l,0x00004878
0x014D28,0x4EB9,jsr_abs_l,0x0000B61E
0x014DD6,0x4EB9,jsr_abs_l,0x0000B876
0x014DDC,0x4EB9,jsr_abs_l,0x0000963A
0x014E26,0x4EB9,jsr_abs_l,0x0000963A
0x014E3A,0x4EB9,jsr_abs_l,0x00008ECA
0x014E4C,0x4EB9,jsr_abs_l,0x0000B55A
0x014E7A,0x4EB9,jsr_abs_l,0x0000B600
0x014E96,0x4EB9,jsr_abs_l,0x0000485E
0x014EEC,0x4EB9,jsr_abs_l,0x0000485E
0x014F36,0x4EB9,jsr_abs_l,0x0000B934
0x014F68,0x4EB9,jsr_abs_l,0x0000485E
0x014F88,0x4EB9,jsr_abs_l,0x00004878
0x014F94,0x4EB9,jsr_abs_l,0x0000485E
0x014FA0,0x4EB9,jsr_abs_l,0x0000658C
0x014FA6,0x4EB9,jsr_abs_l,0x0000646C
0x014FDC,0x4EB9,jsr_abs_l,0x0000485E
0x015004,0x4EB9,jsr_abs_l,0x0000485E
0x01502A,0x4EB9,jsr_abs_l,0x0000485E
0x01506C,0x4EB9,jsr_abs_l,0x0000658C
0x015078,0x4EB9,jsr_abs_l,0x0000485E
0x015084,0x4EB9,jsr_abs_l,0x0000485E
0x015090,0x4EB9,jsr_abs_l,0x0000485E
0x015098,0x4EB9,jsr_abs_l,0x00004878
0x01509E,0x4EB9,jsr_abs_l,0x0000B876
0x0150A4,0x4EB9,jsr_abs_l,0x0000963A
0x0150B0,0x4EB9,jsr_abs_l,0x0000658C
0x0150B6,0x4EB9,jsr_abs_l,0x0000646C
0x015132,0x4EB9,jsr_abs_l,0x0000658C
0x01513E,0x4EB9,jsr_abs_l,0x0000485E
0x01514A,0x4EB9,jsr_abs_l,0x0000485E
0x015156,0x4EB9,jsr_abs_l,0x0000485E
0x0151B2,0x4EB9,jsr_abs_l,0x0000485E
0x0151D8,0x4EB9,jsr_abs_l,0x00004878
0x0151E4,0x4EB9,jsr_abs_l,0x0000485E
0x015228,0x4EB9,jsr_abs_l,0x00005CDC
0x01523C,0x4EB9,jsr_abs_l,0x0000BF4C
0x015270,0x4EB9,jsr_abs_l,0x0000485E
0x015280,0x4EB9,jsr_abs_l,0x0000B5C8
0x0152A2,0x4EB9,jsr_abs_l,0x00004878
0x0152AE,0x4EB9,jsr_abs_l,0x0000485E
0x0152DA,0x4EB9,jsr_abs_l,0x000062BE
0x0152E0,0x4EB9,jsr_abs_l,0x00005F60
0x015318,0x4EB9,jsr_abs_l,0x00005F60
0x015352,0x4EB9,jsr_abs_l,0x000062BE
0x015358,0x4EB9,jsr_abs_l,0x00005F60
0x015386,0x4EB9,jsr_abs_l,0x00005F60
0x0153C0,0x4EB9,jsr_abs_l,0x000062BE
0x0153C6,0x4EB9,jsr_abs_l,0x00005F60
0x015408,0x4EB9,jsr_abs_l,0x00004F86
0x01544A,0x4EB9,jsr_abs_l,0x00004F86
0x015462,0x4EB9,jsr_abs_l,0x00009062
0x015468,0x4EB9,jsr_abs_l,0x0000963A
0x015478,0x4EB9,jsr_abs_l,0x0000593A
0x0155BE,0x4EB9,jsr_abs_l,0x00007766
0x0155E2,0x4EB9,jsr_abs_l,0x0000485E
0x0155EE,0x4EB9,jsr_abs_l,0x0000485E
0x015600,0x4EB9,jsr_abs_l,0x00008F3C
0x015606,0x4EB9,jsr_abs_l,0x0000963A
0x015612,0x4EB9,jsr_abs_l,0x0000485E
0x01564C,0x4EB9,jsr_abs_l,0x0000485E
0x01567C,0x4EB9,jsr_abs_l,0x00007766
0x015716,0x4EB9,jsr_abs_l,0x00005F2E
0x01572C,0x4EB9,jsr_abs_l,0x00005F2E
0x01573E,0x4EB9,jsr_abs_l,0x00007766
0x01579E,0x4EB9,jsr_abs_l,0x000060C0
0x0157E6,0x4EB9,jsr_abs_l,0x0000485E
0x01581C,0x4EB9,jsr_abs_l,0x0000485E
0x015834,0x4EB9,jsr_abs_l,0x0000485E
0x015844,0x4EB9,jsr_abs_l,0x00005952
0x01589A,0x4EB9,jsr_abs_l,0x000002B0
0x0158A6,0x4EB9,jsr_abs_l,0x00004878
0x0158F6,0x4EB9,jsr_abs_l,0x0000BF4C
0x015914,0x4EB9,jsr_abs_l,0x000062BE
0x01591A,0x4EB9,jsr_abs_l,0x00005F60
0x0159EE,0x4EB9,jsr_abs_l,0x00008F3C
0x0159FE,0x4EB9,jsr_abs_l,0x0000BF4C
0x015A1C,0x4EB9,jsr_abs_l,0x000062BE
0x015A22,0x4EB9,jsr_abs_l,0x00005F60
0x015A4A,0x4EB9,jsr_abs_l,0x00005CDC
0x015C08,0x4EB9,jsr_abs_l,0x0000B550
0x016CB2,0x4EB9,jsr_abs_l,0x0000B550
0x0171E0,0x4EB9,jsr_abs_l,0x0000B550
0x0179E0,0x4EB9,jsr_abs_l,0x00004878
0x0179FA,0x4EB9,jsr_abs_l,0x0000485E
0x017A16,0x4EB9,jsr_abs_l,0x0000485E
0x017A28,0x4EB9,jsr_abs_l,0x0000485E
0x017A42,0x4EB9,jsr_abs_l,0x0000485E
0x017A60,0x4EB9,jsr_abs_l,0x0000485E
0x017A7E,0x4EB9,jsr_abs_l,0x0000485E
0x017A98,0x4EB9,jsr_abs_l,0x0000485E
0x017AC0,0x4EB9,jsr_abs_l,0x0000485E
0x017ADE,0x4EB9,jsr_abs_l,0x0000485E
0x017AF0,0x4EB9,jsr_abs_l,0x0000485E
0x017B0A,0x4EB9,jsr_abs_l,0x0000485E
0x017B2A,0x4EB9,jsr_abs_l,0x0000485E
0x017B36,0x4EB9,jsr_abs_l,0x0000485E
0x017B5A,0x4EB9,jsr_abs_l,0x0000485E
0x017B66,0x4EB9,jsr_abs_l,0x0000485E
0x017B80,0x4EB9,jsr_abs_l,0x0000485E
0x017B8C,0x4EB9,jsr_abs_l,0x0000485E
0x017BA6,0x4EB9,jsr_abs_l,0x0000485E
0x017BC0,0x4EB9,jsr_abs_l,0x0000485E
0x017BE8,0x4EB9,jsr_abs_l,0x0000485E
0x017BF4,0x4EB9,jsr_abs_l,0x0000485E
0x017C1C,0x4EB9,jsr_abs_l,0x0000485E
0x017C28,0x4EB9,jsr_abs_l,0x0000485E
0x017C50,0x4EB9,jsr_abs_l,0x0000485E
0x017C6E,0x4EB9,jsr_abs_l,0x0000485E
0x017C8A,0x4EB9,jsr_abs_l,0x0000485E
0x017CA4,0x4EB9,jsr_abs_l,0x0000485E
0x017CBE,0x4EB9,jsr_abs_l,0x0000485E
0x017CCA,0x4EB9,jsr_abs_l,0x0000485E
0x017CEE,0x4EB9,jsr_abs_l,0x0000485E
0x017CFA,0x4EB9,jsr_abs_l,0x0000485E
0x017D14,0x4EB9,jsr_abs_l,0x0000485E
0x017D2E,0x4EB9,jsr_abs_l,0x0000485E
0x017D48,0x4EB9,jsr_abs_l,0x0000485E
0x017D70,0x4EB9,jsr_abs_l,0x0000485E
0x017DA2,0x4EB9,jsr_abs_l,0x0000485E
0x017DAE,0x4EB9,jsr_abs_l,0x0000485E
0x017DCC,0x4EB9,jsr_abs_l,0x0000485E
0x017DE6,0x4EB9,jsr_abs_l,0x0000485E
0x017E00,0x4EB9,jsr_abs_l,0x0000485E
0x017E1C,0x4EB9,jsr_abs_l,0x0000485E
0x017E28,0x4EB9,jsr_abs_l,0x0000485E
0x017E42,0x4EB9,jsr_abs_l,0x0000485E
0x017E5C,0x4EB9,jsr_abs_l,0x0000485E
0x017E76,0x4EB9,jsr_abs_l,0x0000485E
0x017E90,0x4EB9,jsr_abs_l,0x0000485E
0x017EBE,0x4EB9,jsr_abs_l,0x0000485E
0x017ECA,0x4EB9,jsr_abs_l,0x0000485E
0x017EE4,0x4EB9,jsr_abs_l,0x0000485E
0x017EFE,0x4EB9,jsr_abs_l,0x0000485E
0x017F18,0x4EB9,jsr_abs_l,0x0000485E
0x017F32,0x4EB9,jsr_abs_l,0x0000485E
0x017F5A,0x4EB9,jsr_abs_l,0x0000485E
0x017F7A,0x4EB9,jsr_abs_l,0x0000485E
0x017F86,0x4EB9,jsr_abs_l,0x0000485E
0x017FA4,0x4EB9,jsr_abs_l,0x0000485E
0x017FB0,0x4EB9,jsr_abs_l,0x0000485E
0x017FCA,0x4EB9,jsr_abs_l,0x0000485E
0x017FE4,0x4EB9,jsr_abs_l,0x0000485E
0x017FFE,0x4EB9,jsr_abs_l,0x0000485E
0x018026,0x4EB9,jsr_abs_l,0x0000485E
0x018046,0x4EB9,jsr_abs_l,0x0000485E
0x018052,0x4EB9,jsr_abs_l,0x0000485E
0x018072,0x4EB9,jsr_abs_l,0x0000485E
0x01807E,0x4EB9,jsr_abs_l,0x0000485E
0x018098,0x4EB9,jsr_abs_l,0x0000485E
0x0180C0,0x4EB9,jsr_abs_l,0x0000485E
0x0180EC,0x4EB9,jsr_abs_l,0x0000485E
0x01810A,0x4EB9,jsr_abs_l,0x0000485E
0x018126,0x4EB9,jsr_abs_l,0x0000485E
0x018132,0x4EB9,jsr_abs_l,0x0000485E
0x018146,0x4EB9,jsr_abs_l,0x0000B5C8
0x018158,0x4EB9,jsr_abs_l,0x00008ED8
0x018182,0x4EB9,jsr_abs_l,0x0000485E
0x0181A2,0x4EB9,jsr_abs_l,0x0000485E
0x0181AE,0x4EB9,jsr_abs_l,0x0000485E
0x0181C8,0x4EB9,jsr_abs_l,0x0000485E
0x0181E2,0x4EB9,jsr_abs_l,0x0000485E
0x01820A,0x4EB9,jsr_abs_l,0x0000485E
0x01822A,0x4EB9,jsr_abs_l,0x0000485E
0x018258,0x4EB9,jsr_abs_l,0x0000485E
0x018264,0x4EB9,jsr_abs_l,0x0000485E
0x018280,0x4EB9,jsr_abs_l,0x0000485E
0x01829A,0x4EB9,jsr_abs_l,0x0000485E
0x0182C2,0x4EB9,jsr_abs_l,0x0000485E
0x0182EE,0x4EB9,jsr_abs_l,0x0000485E
0x01830C,0x4EB9,jsr_abs_l,0x0000485E
0x018326,0x4EB9,jsr_abs_l,0x0000485E
0x018368,0x4EB9,jsr_abs_l,0x0000485E
0x018374,0x4EB9,jsr_abs_l,0x0000485E
0x018392,0x4EB9,jsr_abs_l,0x0000485E
0x0183D8,0x4EB9,jsr_abs_l,0x0000485E
0x0183F2,0x4EB9,jsr_abs_l,0x0000485E
0x01842A,0x4EB9,jsr_abs_l,0x0000485E
0x018436,0x4EB9,jsr_abs_l,0x0000485E
0x018450,0x4EB9,jsr_abs_l,0x0000485E
0x018478,0x4EB9,jsr_abs_l,0x0000B5C8
0x01851E,0x4EB9,jsr_abs_l,0x0000485E
0x01853C,0x4EB9,jsr_abs_l,0x0000485E
0x01856A,0x4EB9,jsr_abs_l,0x0000485E
0x018576,0x4EB9,jsr_abs_l,0x0000485E
0x018590,0x4EB9,jsr_abs_l,0x0000485E
0x0185B8,0x4EB9,jsr_abs_l,0x0000485E
0x0185D6,0x4EB9,jsr_abs_l,0x0000485E
0x0185F0,0x4EB9,jsr_abs_l,0x0000485E
0x01860A,0x4EB9,jsr_abs_l,0x0000485E
0x018616,0x4EB9,jsr_abs_l,0x0000485E
0x018630,0x4EB9,jsr_abs_l,0x0000485E
0x01864A,0x4EB9,jsr_abs_l,0x0000485E
0x018664,0x4EB9,jsr_abs_l,0x0000485E
0x01867E,0x4EB9,jsr_abs_l,0x0000485E
0x0186A8,0x4EB9,jsr_abs_l,0x0000485E
0x0186B4,0x4EB9,jsr_abs_l,0x0000485E
0x0186D2,0x4EB9,jsr_abs_l,0x0000485E
0x0186EC,0x4EB9,jsr_abs_l,0x0000485E
0x018706,0x4EB9,jsr_abs_l,0x0000485E
0x018712,0x4EB9,jsr_abs_l,0x0000485E
0x018730,0x4EB9,jsr_abs_l,0x0000485E
0x01873C,0x4EB9,jsr_abs_l,0x0000485E
0x018756,0x4EB9,jsr_abs_l,0x0000485E
0x018770,0x4EB9,jsr_abs_l,0x0000485E
0x018818,0x4EB9,jsr_abs_l,0x0000485E
0x0188B6,0x4EB9,jsr_abs_l,0x0000485E
0x0188CC,0x4EB9,jsr_abs_l,0x0000485E
0x0188F0,0x4EB9,jsr_abs_l,0x0000485E
0x01890A,0x4EB9,jsr_abs_l,0x0000485E
0x018924,0x4EB9,jsr_abs_l,0x0000485E
0x018936,0x4EB9,jsr_abs_l,0x0000485E
0x01894A,0x4EB9,jsr_abs_l,0x0000485E
0x018964,0x4EB9,jsr_abs_l,0x0000485E
0x01897E,0x4EB9,jsr_abs_l,0x0000485E
0x018998,0x4EB9,jsr_abs_l,0x0000485E
0x0189A6,0x4EB9,jsr_abs_l,0x0000485E
0x018A1E,0x4EB9,jsr_abs_l,0x0000485E
0x018A38,0x4EB9,jsr_abs_l,0x0000485E
0x018A52,0x4EB9,jsr_abs_l,0x0000485E
0x018A6C,0x4EB9,jsr_abs_l,0x0000485E
0x018A7E,0x4EB9,jsr_abs_l,0x0000485E
0x018A92,0x4EB9,jsr_abs_l,0x0000485E
0x018AAC,0x4EB9,jsr_abs_l,0x0000485E
0x018AC6,0x4EB9,jsr_abs_l,0x0000485E
0x018AE0,0x4EB9,jsr_abs_l,0x0000485E
0x018B08,0x4EB9,jsr_abs_l,0x0000485E
0x018B1E,0x4EB9,jsr_abs_l,0x0000485E
0x018B32,0x4EB9,jsr_abs_l,0x0000485E
0x018B56,0x4EB9,jsr_abs_l,0x0000485E
0x018B62,0x4EB9,jsr_abs_l,0x0000485E
0x018B82,0x4EB9,jsr_abs_l,0x0000485E
0x018BA2,0x4EB9,jsr_abs_l,0x0000485E
0x018BC2,0x4EB9,jsr_abs_l,0x0000485E
0x018BE2,0x4EB9,jsr_abs_l,0x0000485E
0x018C02,0x4EB9,jsr_abs_l,0x0000485E
0x018C22,0x4EB9,jsr_abs_l,0x0000485E
0x018C42,0x4EB9,jsr_abs_l,0x0000485E
0x018C62,0x4EB9,jsr_abs_l,0x0000485E
0x018C82,0x4EB9,jsr_abs_l,0x0000485E
0x018C90,0x4EB9,jsr_abs_l,0x00004878
0x018CBE,0x4EB9,jsr_abs_l,0x0000B600
0x018CCC,0x4EB9,jsr_abs_l,0x0000B550
0x018CF6,0x4EB9,jsr_abs_l,0x00014E5E
0x018CFC,0x4EB9,jsr_abs_l,0x0000963A
0x018D02,0x4EB9,jsr_abs_l,0x00004878
0x018D0E,0x4EB9,jsr_abs_l,0x0000485E
0x018DBE,0x4EB9,jsr_abs_l,0x0000FE2A
0x018DCC,0x4EB9,jsr_abs_l,0x000053B4
0x018DDA,0x4EB9,jsr_abs_l,0x00005E70
0x018E06,0x4EB9,jsr_abs_l,0x00005CDC
0x018E18,0x4EB9,jsr_abs_l,0x0000B78E
0x018E42,0x4EB9,jsr_abs_l,0x00005F60
0x018E5A,0x4EB9,jsr_abs_l,0x00005F60
0x018E72,0x4EB9,jsr_abs_l,0x00005F60
0x018E86,0x4EB9,jsr_abs_l,0x00005F7C
0x018E96,0x4EB9,jsr_abs_l,0x00005F7C
0x018EAA,0x4EB9,jsr_abs_l,0x00005F7C
0x018EB4,0x4EB9,jsr_abs_l,0x0000658C
0x018EBA,0x4EB9,jsr_abs_l,0x0000646C
0x018ED4,0x4EB9,jsr_abs_l,0x0000658C
0x018EDA,0x4EB9,jsr_abs_l,0x0000646C
0x018F12,0x4EB9,jsr_abs_l,0x00006672
0x018F32,0x4EB9,jsr_abs_l,0x00006156
0x018F42,0x4EB9,jsr_abs_l,0x00005EFE
0x018F4C,0x4EB9,jsr_abs_l,0x0000658C
0x018F52,0x4EB9,jsr_abs_l,0x0000646C
0x018FBA,0x4EB9,jsr_abs_l,0x00006672
0x018FC8,0x4EB9,jsr_abs_l,0x00006156
0x019012,0x4EB9,jsr_abs_l,0x00005928
0x01901E,0x4EB9,jsr_abs_l,0x0000485E
0x01904A,0x4EB9,jsr_abs_l,0x0000485E
0x019068,0x4EB9,jsr_abs_l,0x0000485E
0x019088,0x4EB9,jsr_abs_l,0x00008C2A
0x01908E,0x4EB9,jsr_abs_l,0x000095FC
0x01909A,0x4EB9,jsr_abs_l,0x0000485E
0x0190B8,0x4EB9,jsr_abs_l,0x0000485E
0x0190E4,0x4EB9,jsr_abs_l,0x0000485E
0x0190F0,0x4EB9,jsr_abs_l,0x0000658C
0x0190FA,0x4EB9,jsr_abs_l,0x0000658C
0x019104,0x4EB9,jsr_abs_l,0x0000658C
0x01910A,0x4EB9,jsr_abs_l,0x00004878
0x01915A,0x4EB9,jsr_abs_l,0x0000FE2A
0x019168,0x4EB9,jsr_abs_l,0x000053B4
0x019180,0x4EB9,jsr_abs_l,0x00005E70
0x0191A2,0x4EB9,jsr_abs_l,0x00005CDC
0x0191CE,0x4EB9,jsr_abs_l,0x00005F60
0x0191DE,0x4EB9,jsr_abs_l,0x00005F60
0x0191EE,0x4EB9,jsr_abs_l,0x00005F60
0x01920A,0x4EB9,jsr_abs_l,0x00006672
0x019224,0x4EB9,jsr_abs_l,0x00006156
0x019234,0x4EB9,jsr_abs_l,0x00005EFE
0x01925E,0x4EB9,jsr_abs_l,0x00006672
0x019278,0x4EB9,jsr_abs_l,0x00006156
0x019288,0x4EB9,jsr_abs_l,0x00005EFE
0x0192CE,0x4EB9,jsr_abs_l,0x0000B5C8
0x0192EA,0x4EB9,jsr_abs_l,0x0000B6D6
0x019312,0x4EB9,jsr_abs_l,0x0000B5C8
0x019324,0x4EB9,jsr_abs_l,0x0000B6D6
0x01935E,0x4EB9,jsr_abs_l,0x0000B5C8
0x01936C,0x4EB9,jsr_abs_l,0x0000B6D6
0x019396,0x4EB9,jsr_abs_l,0x0000B5C8
0x0193A4,0x4EB9,jsr_abs_l,0x0000B6D6
0x0193FC,0x4EB9,jsr_abs_l,0x00005928
0x019408,0x4EB9,jsr_abs_l,0x0000485E
0x019414,0x4EB9,jsr_abs_l,0x0000658C
0x01941A,0x4EB9,jsr_abs_l,0x0000646C
0x01948E,0x4EB9,jsr_abs_l,0x0000B5C8
0x01949A,0x4EB9,jsr_abs_l,0x0000B61E
0x0194AE,0x4EB9,jsr_abs_l,0x00007766
0x019514,0x4EB9,jsr_abs_l,0x0000B5C8
0x019520,0x4EB9,jsr_abs_l,0x0000B61E
0x01956A,0x4EB9,jsr_abs_l,0x00007766
0x0195FE,0x4EB9,jsr_abs_l,0x00007766
0x019764,0x4EB9,jsr_abs_l,0x0000485E
0x019790,0x4EB9,jsr_abs_l,0x0000485E
0x01979C,0x4EB9,jsr_abs_l,0x0000658C
0x0197B2,0x4EB9,jsr_abs_l,0x00004878
0x0197C4,0x4EB9,jsr_abs_l,0x00005EB0
0x0197CE,0x4EB9,jsr_abs_l,0x00005EB0
0x0197DA,0x4EB9,jsr_abs_l,0x00005EB0
0x0197E4,0x4EB9,jsr_abs_l,0x00005EB0
0x0197FC,0x4EB9,jsr_abs_l,0x00006672
0x01981C,0x4EB9,jsr_abs_l,0x00006156
0x01982C,0x4EB9,jsr_abs_l,0x00005EFE
0x019848,0x4EB9,jsr_abs_l,0x00004F86
0x01989E,0x4EB9,jsr_abs_l,0x00004F86
0x01991E,0x4EB9,jsr_abs_l,0x00004F86
0x019948,0x4EB9,jsr_abs_l,0x00004F86
0x01999E,0x4EB9,jsr_abs_l,0x0000B5C8
0x0199BA,0x4EB9,jsr_abs_l,0x0000B6D6
0x0199CC,0x4EB9,jsr_abs_l,0x00004F86
0x0199EE,0x4EB9,jsr_abs_l,0x0000B5C8
0x0199FE,0x4EB9,jsr_abs_l,0x0000B6D6
0x019A16,0x4EB9,jsr_abs_l,0x00004F86
0x019A5E,0x4EB9,jsr_abs_l,0x00004F86
0x019A76,0x4EB9,jsr_abs_l,0x00004F86
0x019AA4,0x4EB9,jsr_abs_l,0x0000B550
0x019B88,0x4EB9,jsr_abs_l,0x0000B550
0x019BA0,0x4EB9,jsr_abs_l,0x0000B550
0x019CBE,0x4EB9,jsr_abs_l,0x00008ED8
0x019CCE,0x4EB9,jsr_abs_l,0x0000B61E
0x019CE6,0x4EB9,jsr_abs_l,0x000090A0
0x019CEE,0x4EB9,jsr_abs_l,0x0000B550
0x019CFA,0x4EB9,jsr_abs_l,0x0000B61E
0x019D78,0x4EB9,jsr_abs_l,0x0000B550
0x019DD8,0x4EB9,jsr_abs_l,0x0000B5C8
0x019E44,0x4EB9,jsr_abs_l,0x0000B61E
0x019E82,0x4EB9,jsr_abs_l,0x0000B5C8
0x019EC4,0x4EB9,jsr_abs_l,0x0000B61E
0x019EE0,0x4EB9,jsr_abs_l,0x0000B5C8
0x019F20,0x4EB9,jsr_abs_l,0x0000B5C8
0x019F62,0x4EB9,jsr_abs_l,0x0000B61E
0x019F9A,0x4EB9,jsr_abs_l,0x0000B5C8
0x019FE6,0x4EB9,jsr_abs_l,0x0000B5C8
0x01A0D6,0x4EB9,jsr_abs_l,0x0000B5C8
0x01A122,0x4EB9,jsr_abs_l,0x0000B5C8
0x01A18E,0x4EB9,jsr_abs_l,0x0000B5C8
0x01A244,0x4EB9,jsr_abs_l,0x0000B5C8
0x01A30C,0x4EB9,jsr_abs_l,0x0000B5C8
0x01A3F4,0x4EB9,jsr_abs_l,0x0000B5C8
0x01A404,0x4EB9,jsr_abs_l,0x0000B5C8
0x01A42A,0x4EB9,jsr_abs_l,0x0000B550
0x01A44C,0x4EB9,jsr_abs_l,0x0000B550
0x01A458,0x4EB9,jsr_abs_l,0x0000B61E
0x01A4A8,0x4EB9,jsr_abs_l,0x0000B550
0x01A4B6,0x4EB9,jsr_abs_l,0x0000B61E
0x01A5C4,0x4EB9,jsr_abs_l,0x0000B550
0x01A658,0x4EB9,jsr_abs_l,0x0000B550
0x01A666,0x4EB9,jsr_abs_l,0x0000B61E
0x01A78C,0x4EB9,jsr_abs_l,0x0000B550
0x01A81C,0x4EB9,jsr_abs_l,0x0000B550
0x01A83A,0x4EB9,jsr_abs_l,0x0000B550
0x01A866,0x4EB9,jsr_abs_l,0x0000B550
0x01A896,0x4EB9,jsr_abs_l,0x0000B550
0x01A8C2,0x4EB9,jsr_abs_l,0x0000B550
0x01A8F8,0x4EB9,jsr_abs_l,0x0000B5C8
0x01A920,0x4EB9,jsr_abs_l,0x0000B5C8
0x01A932,0x4EB9,jsr_abs_l,0x0000B5C8
0x01A9DC,0x4EB9,jsr_abs_l,0x0000B5C8
0x01AA48,0x4EB9,jsr_abs_l,0x0000B550
0x01AA6A,0x4EB9,jsr_abs_l,0x0000B5C8
0x01AAB6,0x4EB9,jsr_abs_l,0x0001BE6E
0x01AAF4,0x4EB9,jsr_abs_l,0x0000B550
0x01AB14,0x4EB9,jsr_abs_l,0x0000B5C8
0x01AB6A,0x4EB9,jsr_abs_l,0x0000B550
0x01AB8A,0x4EB9,jsr_abs_l,0x0000B5C8
0x01AD24,0x4EB9,jsr_abs_l,0x0000B550
0x01AD56,0x4EB9,jsr_abs_l,0x0000B5C8
0x01AF84,0x4EB9,jsr_abs_l,0x0000B550
0x01AFB0,0x4EB9,jsr_abs_l,0x0000B550
0x01B012,0x4EB9,jsr_abs_l,0x00007726
0x01B036,0x4EB9,jsr_abs_l,0x0000B5C8
0x01B074,0x4EB9,jsr_abs_l,0x0000B5C8
0x01B09E,0x4EB9,jsr_abs_l,0x0000B550
0x01B0F0,0x4EB9,jsr_abs_l,0x0000B550
0x01B146,0x4EB9,jsr_abs_l,0x0000B550
0x01B19C,0x4EB9,jsr_abs_l,0x0000B550
0x01B2A6,0x4EB9,jsr_abs_l,0x00008ED8
0x01B2BE,0x4EB9,jsr_abs_l,0x00008ED8
0x01B2FA,0x4EB9,jsr_abs_l,0x0000EC96
0x01B318,0x4EB9,jsr_abs_l,0x0000EC96
0x01B336,0x4EB9,jsr_abs_l,0x0000EC96
0x01B354,0x4EB9,jsr_abs_l,0x0000EC96
0x01B436,0x4EB9,jsr_abs_l,0x0000B5C8
0x01B460,0x4EB9,jsr_abs_l,0x0000B5C8
0x01B4FA,0x4EB9,jsr_abs_l,0x0000B5C8
0x01B518,0x4EB9,jsr_abs_l,0x0000B5C8
0x01B530,0x4EB9,jsr_abs_l,0x0000B5C8
0x01B542,0x4EB9,jsr_abs_l,0x0000B61E
0x01B572,0x4EB9,jsr_abs_l,0x0000B5C8
0x01B58A,0x4EB9,jsr_abs_l,0x0000B61E
0x01B59A,0x4EB9,jsr_abs_l,0x0000B5C8
0x01B6E6,0x4EB9,jsr_abs_l,0x0000B550
0x01B7CA,0x4EB9,jsr_abs_l,0x0001BE6E
0x01B830,0x4EB9,jsr_abs_l,0x0001BE6E
0x01B896,0x4EB9,jsr_abs_l,0x0001BE6E
0x01B8DA,0x4EB9,jsr_abs_l,0x0000B550
0x01B8F6,0x4EB9,jsr_abs_l,0x0000B61E
0x01B922,0x4EB9,jsr_abs_l,0x0000B550
0x01B92E,0x4EB9,jsr_abs_l,0x0000B5C8
0x01B946,0x4EB9,jsr_abs_l,0x0000B61E
0x01B994,0x4EB9,jsr_abs_l,0x0000B5C8
0x01B9A0,0x4EB9,jsr_abs_l,0x0000B61E
0x01BA20,0x4EB9,jsr_abs_l,0x0000B5C8
0x01BA3A,0x4EB9,jsr_abs_l,0x0000B61E
0x01BAE2,0x4EB9,jsr_abs_l,0x0000B5C8
0x01BB0C,0x4EB9,jsr_abs_l,0x0000B5C8
0x01BB42,0x4EB9,jsr_abs_l,0x0000B5C8
0x01BB86,0x4EB9,jsr_abs_l,0x0000B5C8
0x01BB96,0x4EB9,jsr_abs_l,0x0000B61E
0x01BBA2,0x4EB9,jsr_abs_l,0x00006722
0x01BBB0,0x4EB9,jsr_abs_l,0x0001BF3A
0x01BBC2,0x4EB9,jsr_abs_l,0x00006722
0x01BBE6,0x4EB9,jsr_abs_l,0x0000B550
0x01BBF4,0x4EB9,jsr_abs_l,0x0000B5C8
0x01BC10,0x4EB9,jsr_abs_l,0x0000B5C8
0x01BC34,0x4EB9,jsr_abs_l,0x0000B5C8
0x01BCCE,0x4EB9,jsr_abs_l,0x0000B5C8
0x01BDD4,0x4EB9,jsr_abs_l,0x0000B550
0x01BDE2,0x4EB9,jsr_abs_l,0x0000B61E
0x01BE04,0x4EB9,jsr_abs_l,0x00008ED8
0x01BE0C,0x4EB9,jsr_abs_l,0x0000900A
0x01BE4C,0x4EB9,jsr_abs_l,0x0000B550
0x01BE58,0x4EB9,jsr_abs_l,0x0000B61E
0x01BEB2,0x4EB9,jsr_abs_l,0x0000B5C8
0x01BEF2,0x4EB9,jsr_abs_l,0x0000B5C8
0x01BF24,0x4EB9,jsr_abs_l,0x0000B5C8
0x01C0EC,0x4EB9,jsr_abs_l,0x0000B5C8
0x01C108,0x4EB9,jsr_abs_l,0x0001C178
0x01C114,0x4EB9,jsr_abs_l,0x00007766
0x01C120,0x4EB9,jsr_abs_l,0x00008F3C
0x01C126,0x4EB9,jsr_abs_l,0x0000963A
0x01C148,0x4EB9,jsr_abs_l,0x0000485E
0x01C170,0x4EB9,jsr_abs_l,0x00004878
0x01C188,0x4EB9,jsr_abs_l,0x0001EFBE
0x01C1B8,0x4EB9,jsr_abs_l,0x0001C4A0
0x01C1EC,0x4EB9,jsr_abs_l,0x0001BF3A
0x01C20A,0x4EB9,jsr_abs_l,0x0001C2B0
0x01C224,0x4EB9,jsr_abs_l,0x0001EFBE
0x01C254,0x4EB9,jsr_abs_l,0x0001C4A0
0x01C288,0x4EB9,jsr_abs_l,0x0001BF3A
0x01C2A6,0x4EB9,jsr_abs_l,0x0001C2B0
0x01C402,0x4EB9,jsr_abs_l,0x0000B5C8
0x01C442,0x4EB9,jsr_abs_l,0x0000B550
0x01C4B4,0x4EB9,jsr_abs_l,0x0000B550
0x01C4D4,0x4EB9,jsr_abs_l,0x0000B61E
0x01C4E8,0x4EB9,jsr_abs_l,0x0000B550
0x01C50E,0x4EB9,jsr_abs_l,0x0001A914
0x01C52E,0x4EB9,jsr_abs_l,0x0001BF3A
0x01C538,0x4EB9,jsr_abs_l,0x00006722
0x01C590,0x4EB9,jsr_abs_l,0x0000B550
0x01C5E2,0x4EB9,jsr_abs_l,0x0000B550
0x01C62C,0x4EB9,jsr_abs_l,0x0000B550
0x01C642,0x4EB9,jsr_abs_l,0x0000B550
0x01C668,0x4EB9,jsr_abs_l,0x0001A914
0x01C6C0,0x4EB9,jsr_abs_l,0x0000B550
0x01C6D2,0x4EB9,jsr_abs_l,0x0000B61E
0x01C6E6,0x4EB9,jsr_abs_l,0x0000B550
0x01C70C,0x4EB9,jsr_abs_l,0x0001A914
0x01C736,0x4EB9,jsr_abs_l,0x0000B550
0x01C748,0x4EB9,jsr_abs_l,0x0000B61E
0x01C75C,0x4EB9,jsr_abs_l,0x0000B550
0x01C782,0x4EB9,jsr_abs_l,0x0001A914
0x01C7B4,0x4EB9,jsr_abs_l,0x0000B550
0x01C7C6,0x4EB9,jsr_abs_l,0x0000B61E
0x01C7DA,0x4EB9,jsr_abs_l,0x0000B550
0x01C800,0x4EB9,jsr_abs_l,0x0001A914
0x01C826,0x4EB9,jsr_abs_l,0x00006722
0x01C87A,0x4EB9,jsr_abs_l,0x00008F22
0x01C880,0x4EB9,jsr_abs_l,0x0000B550
0x01C8C8,0x4EB9,jsr_abs_l,0x00004878
0x01C8E0,0x4EB9,jsr_abs_l,0x0000485E
0x01C8FC,0x4EB9,jsr_abs_l,0x0000B5C8
0x01C946,0x4EB9,jsr_abs_l,0x0000485E
0x01C954,0x4EB9,jsr_abs_l,0x0000AC34
0x01C964,0x4EB9,jsr_abs_l,0x00009616
0x01C96A,0x4EB9,jsr_abs_l,0x000090A0
0x01C992,0x4EB9,jsr_abs_l,0x0001BF3A
0x01C9BC,0x4EB9,jsr_abs_l,0x0000963A
0x01C9C4,0x4EB9,jsr_abs_l,0x00007726
0x01C9EE,0x4EB9,jsr_abs_l,0x00009422
0x01CA08,0x4EB9,jsr_abs_l,0x0000AC34
0x01CA0E,0x4EB9,jsr_abs_l,0x000095D2
0x01CA24,0x4EB9,jsr_abs_l,0x0000485E
0x01CA40,0x4EB9,jsr_abs_l,0x00004878
0x01CA4C,0x4EB9,jsr_abs_l,0x0000485E
0x01CA74,0x4EB9,jsr_abs_l,0x0000485E
0x01CA84,0x4EB9,jsr_abs_l,0x00008F22
0x01CA8A,0x4EB9,jsr_abs_l,0x00008F00
0x01CAB0,0x4EB9,jsr_abs_l,0x00009616
0x01CAB6,0x4EB9,jsr_abs_l,0x000090A0
0x01CACA,0x4EB9,jsr_abs_l,0x0001BF3A
0x01CAE2,0x4EB9,jsr_abs_l,0x00008F22
0x01CAF8,0x4EB9,jsr_abs_l,0x0001EFBE
0x01CB16,0x4EB9,jsr_abs_l,0x0000963A
0x01CB1C,0x4EB9,jsr_abs_l,0x00007726
0x01CB98,0x4EB9,jsr_abs_l,0x0001C214
0x01CBAE,0x4EB9,jsr_abs_l,0x0000B5C8
0x01CBD6,0x4EB9,jsr_abs_l,0x00009062
0x01CBDC,0x4EB9,jsr_abs_l,0x0000963A
0x01CC72,0x4EB9,jsr_abs_l,0x0000485E
0x01CC98,0x4EB9,jsr_abs_l,0x0000485E
0x01CCB0,0x4EB9,jsr_abs_l,0x0000485E
0x01CCC8,0x4EB9,jsr_abs_l,0x0000485E
0x01CCE0,0x4EB9,jsr_abs_l,0x0000485E
0x01CCF8,0x4EB9,jsr_abs_l,0x0000485E
0x01CD06,0x4EB9,jsr_abs_l,0x0000AC34
0x01CD0C,0x4EB9,jsr_abs_l,0x000095D2
0x01CD32,0x4EB9,jsr_abs_l,0x0000485E
0x01CD56,0x4EB9,jsr_abs_l,0x0000485E
0x01CD6E,0x4EB9,jsr_abs_l,0x0000485E
0x01CD76,0x4EB9,jsr_abs_l,0x00004878
0x01CDA4,0x4EB9,jsr_abs_l,0x000053B4
0x01CDB2,0x4EB9,jsr_abs_l,0x000053B4
0x01CDBE,0x4EB9,jsr_abs_l,0x0000B5C8
0x01CE92,0x4EB9,jsr_abs_l,0x0000B5C8
0x01CF80,0x4EB9,jsr_abs_l,0x000065AE
0x01CF8C,0x4EB9,jsr_abs_l,0x000065AE
0x01CF98,0x4EB9,jsr_abs_l,0x000065AE
0x01CFA4,0x4EB9,jsr_abs_l,0x000065AE
0x01CFB4,0x4EB9,jsr_abs_l,0x00006432
0x01CFC2,0x4EB9,jsr_abs_l,0x00006432
0x01CFCE,0x4EB9,jsr_abs_l,0x0000658C
0x01CFD8,0x4EB9,jsr_abs_l,0x0000658C
0x01CFE2,0x4EB9,jsr_abs_l,0x0000658C
0x01CFEC,0x4EB9,jsr_abs_l,0x0000658C
0x01CFF2,0x4EB9,jsr_abs_l,0x00004878
0x01D220,0x4EB9,jsr_abs_l,0x00006544
0x01D25C,0x4EB9,jsr_abs_l,0x00006544
0x01D28E,0x4EB9,jsr_abs_l,0x00006544
0x01D2C0,0x4EB9,jsr_abs_l,0x00006544
0x01D2F2,0x4EB9,jsr_abs_l,0x00006544
0x01D324,0x4EB9,jsr_abs_l,0x00006544
0x01D356,0x4EB9,jsr_abs_l,0x00006544
0x01D388,0x4EB9,jsr_abs_l,0x00006544
0x01D3BA,0x4EB9,jsr_abs_l,0x00006544
0x01D42E,0x4EB9,jsr_abs_l,0x000053B4
0x01D43E,0x4EB9,jsr_abs_l,0x0001D476
0x01D456,0x4EB9,jsr_abs_l,0x000065AE
0x01D466,0x4EB9,jsr_abs_l,0x00006432
0x01D46E,0x4EB9,jsr_abs_l,0x00004878
0x01D480,0x4EB9,jsr_abs_l,0x000064FC
0x01D4F8,0x4EB9,jsr_abs_l,0x000053B4
0x01D508,0x4EB9,jsr_abs_l,0x0001D546
0x01D514,0x4EB9,jsr_abs_l,0x000065AE
0x01D52C,0x4EB9,jsr_abs_l,0x00006432
0x01D538,0x4EB9,jsr_abs_l,0x0000658C
0x01D53E,0x4EB9,jsr_abs_l,0x00004878
0x01D550,0x4EB9,jsr_abs_l,0x000064FC
0x01D5C6,0x4EB9,jsr_abs_l,0x000053B4
0x01D5E4,0x4EB9,jsr_abs_l,0x0000B550
0x01D5F2,0x4EB9,jsr_abs_l,0x0001A914
0x01D5FA,0x4EB9,jsr_abs_l,0x0001D7E2
0x01D612,0x4EB9,jsr_abs_l,0x000065AE
0x01D622,0x4EB9,jsr_abs_l,0x00006432
0x01D62E,0x4EB9,jsr_abs_l,0x0000658C
0x01D634,0x4EB9,jsr_abs_l,0x00004878
0x01D644,0x4EB9,jsr_abs_l,0x000053B4
0x01D670,0x4EB9,jsr_abs_l,0x0001D7E2
0x01D67A,0x4EB9,jsr_abs_l,0x0001D7E2
0x01D684,0x4EB9,jsr_abs_l,0x0001D7E2
0x01D68E,0x4EB9,jsr_abs_l,0x0001D7E2
0x01D69C,0x4EB9,jsr_abs_l,0x00006432
0x01D6A4,0x4EB9,jsr_abs_l,0x00004878
0x01D6B4,0x4EB9,jsr_abs_l,0x000053B4
0x01D6D4,0x4EB9,jsr_abs_l,0x0001D7E2
0x01D70A,0x4EB9,jsr_abs_l,0x00006432
0x01D720,0x4EB9,jsr_abs_l,0x000065AE
0x01D730,0x4EB9,jsr_abs_l,0x00006432
0x01D73E,0x4EB9,jsr_abs_l,0x00006432
0x01D746,0x4EB9,jsr_abs_l,0x00004878
0x01D756,0x4EB9,jsr_abs_l,0x000053B4
0x01D776,0x4EB9,jsr_abs_l,0x0001D828
0x01D7AC,0x4EB9,jsr_abs_l,0x00006432
0x01D7D4,0x4EB9,jsr_abs_l,0x0000658C
0x01D7DA,0x4EB9,jsr_abs_l,0x00004878
0x01D7EC,0x4EB9,jsr_abs_l,0x00006544
0x01D832,0x4EB9,jsr_abs_l,0x00006544
0x01D8AE,0x4EB9,jsr_abs_l,0x00006544
0x01D8DA,0x4EB9,jsr_abs_l,0x00006544
0x01D91A,0x4EB9,jsr_abs_l,0x00006544
0x01D95A,0x4EB9,jsr_abs_l,0x00006544
0x01D9A8,0x4EB9,jsr_abs_l,0x000053B4
0x01D9B4,0x4EB9,jsr_abs_l,0x0000B5C8
0x01D9F2,0x4EB9,jsr_abs_l,0x0000B5C8
0x01DA2E,0x4EB9,jsr_abs_l,0x000065AE
0x01DA3A,0x4EB9,jsr_abs_l,0x000065AE
0x01DA4A,0x4EB9,jsr_abs_l,0x00006432
0x01DA62,0x4EB9,jsr_abs_l,0x0000485E
0x01DA6E,0x4EB9,jsr_abs_l,0x0000658C
0x01DA78,0x4EB9,jsr_abs_l,0x0000658C
0x01DA7E,0x4EB9,jsr_abs_l,0x00004878
0x01DA8E,0x4EB9,jsr_abs_l,0x000053B4
0x01DA9A,0x4EB9,jsr_abs_l,0x0000B5C8
0x01DAD8,0x4EB9,jsr_abs_l,0x0000B5C8
0x01DB90,0x4EB9,jsr_abs_l,0x000065AE
0x01DB9C,0x4EB9,jsr_abs_l,0x000065AE
0x01DBAC,0x4EB9,jsr_abs_l,0x00006432
0x01DBC4,0x4EB9,jsr_abs_l,0x0000485E
0x01DBD0,0x4EB9,jsr_abs_l,0x0000658C
0x01DBDA,0x4EB9,jsr_abs_l,0x0000658C
0x01DBE0,0x4EB9,jsr_abs_l,0x00004878
0x01DBF0,0x4EB9,jsr_abs_l,0x000053B4
0x01DBFC,0x4EB9,jsr_abs_l,0x0000B5C8
0x01DD1C,0x4EB9,jsr_abs_l,0x0000B5C8
0x01DDD4,0x4EB9,jsr_abs_l,0x000065AE
0x01DDE0,0x4EB9,jsr_abs_l,0x000065AE
0x01DDEC,0x4EB9,jsr_abs_l,0x000065AE
0x01DDFC,0x4EB9,jsr_abs_l,0x00006432
0x01DE08,0x4EB9,jsr_abs_l,0x0000658C
0x01DE12,0x4EB9,jsr_abs_l,0x0000658C
0x01DE1C,0x4EB9,jsr_abs_l,0x0000658C
0x01DE22,0x4EB9,jsr_abs_l,0x00004878
0x01DE2E,0x4EB9,jsr_abs_l,0x000064FC
0x01DE64,0x4EB9,jsr_abs_l,0x000064FC
0x01DE98,0x4EB9,jsr_abs_l,0x000064FC
0x01DECC,0x4EB9,jsr_abs_l,0x000064FC
0x01DF00,0x4EB9,jsr_abs_l,0x000064FC
0x01DF70,0x4EB9,jsr_abs_l,0x00006544
0x01DFAE,0x4EB9,jsr_abs_l,0x00006544
0x01DFE2,0x4EB9,jsr_abs_l,0x00006544
0x01E016,0x4EB9,jsr_abs_l,0x00006544
0x01E04A,0x4EB9,jsr_abs_l,0x00006544
0x01E07E,0x4EB9,jsr_abs_l,0x00006544
0x01E0B2,0x4EB9,jsr_abs_l,0x00006544
0x01E120,0x4EB9,jsr_abs_l,0x00006544
0x01E19E,0x4EB9,jsr_abs_l,0x00006544
0x01E1F2,0x4EB9,jsr_abs_l,0x000053B4
0x01E2F2,0x4EB9,jsr_abs_l,0x000065AE
0x01E2FE,0x4EB9,jsr_abs_l,0x000065AE
0x01E30A,0x4EB9,jsr_abs_l,0x000065AE
0x01E316,0x4EB9,jsr_abs_l,0x000065AE
0x01E326,0x4EB9,jsr_abs_l,0x00006432
0x01E33A,0x4EB9,jsr_abs_l,0x0000658C
0x01E344,0x4EB9,jsr_abs_l,0x0000658C
0x01E34E,0x4EB9,jsr_abs_l,0x0000658C
0x01E358,0x4EB9,jsr_abs_l,0x0000658C
0x01E35E,0x4EB9,jsr_abs_l,0x00004878
0x01E382,0x4EB9,jsr_abs_l,0x00006544
0x01E3B0,0x4EB9,jsr_abs_l,0x00006544
0x01E3DA,0x4EB9,jsr_abs_l,0x00006544
0x01E3FA,0x4EB9,jsr_abs_l,0x00006544
0x01E430,0x4EB9,jsr_abs_l,0x00006544
0x01E46A,0x4EB9,jsr_abs_l,0x00006544
0x01E4A4,0x4EB9,jsr_abs_l,0x00006544
0x01E4DE,0x4EB9,jsr_abs_l,0x00006544
0x01E518,0x4EB9,jsr_abs_l,0x00006544
0x01E552,0x4EB9,jsr_abs_l,0x00006544
0x01E58C,0x4EB9,jsr_abs_l,0x00006544
0x01E646,0x4EB9,jsr_abs_l,0x0000963A
0x01E64E,0x4EB9,jsr_abs_l,0x00004878
0x01E660,0x4EB9,jsr_abs_l,0x0000B5C8
0x01E680,0x4EB9,jsr_abs_l,0x0000B5C8
0x01E6A0,0x4EB9,jsr_abs_l,0x0000B5C8
0x01E728,0x4EB9,jsr_abs_l,0x00006432
0x01E742,0x4EB9,jsr_abs_l,0x0000485E
0x01E74E,0x4EB9,jsr_abs_l,0x0000658C
0x01E754,0x4EB9,jsr_abs_l,0x00004878
0x01E7C6,0x4EB9,jsr_abs_l,0x00006432
0x01E7E0,0x4EB9,jsr_abs_l,0x0000485E
0x01E7EC,0x4EB9,jsr_abs_l,0x0000658C
0x01E7F2,0x4EB9,jsr_abs_l,0x00004878
0x01E8B4,0x4EB9,jsr_abs_l,0x0001D7E2
0x01E8C6,0x4EB9,jsr_abs_l,0x0000B550
0x01E8D4,0x4EB9,jsr_abs_l,0x0001A914
0x01E8E4,0x4EB9,jsr_abs_l,0x0001BF3A
0x01E8EA,0x4EB9,jsr_abs_l,0x00006722
0x01E9FE,0x4EB9,jsr_abs_l,0x000053B4
0x01EA9E,0x4EB9,jsr_abs_l,0x000065AE
0x01EAAA,0x4EB9,jsr_abs_l,0x000065AE
0x01EADC,0x4EB9,jsr_abs_l,0x00006432
0x01EAEA,0x4EB9,jsr_abs_l,0x00006432
0x01EAF6,0x4EB9,jsr_abs_l,0x0000658C
0x01EB00,0x4EB9,jsr_abs_l,0x0000658C
0x01EB0A,0x4EB9,jsr_abs_l,0x0000658C
0x01EB14,0x4EB9,jsr_abs_l,0x0000658C
0x01EB1E,0x4EB9,jsr_abs_l,0x0000658C
0x01EB28,0x4EB9,jsr_abs_l,0x0000658C
0x01EB32,0x4EB9,jsr_abs_l,0x0000658C
0x01EB38,0x4EB9,jsr_abs_l,0x00004878
0x01EB48,0x4EB9,jsr_abs_l,0x00006544
0x01EB8E,0x4EB9,jsr_abs_l,0x00006544
0x01EBCA,0x4EB9,jsr_abs_l,0x00006544
0x01EC06,0x4EB9,jsr_abs_l,0x00006544
0x01EC42,0x4EB9,jsr_abs_l,0x00006544
0x01EC7E,0x4EB9,jsr_abs_l,0x00006544
0x01ECBA,0x4EB9,jsr_abs_l,0x00006544
0x01ED36,0x4EB9,jsr_abs_l,0x000053B4
0x01ED42,0x4EB9,jsr_abs_l,0x0000B5C8
0x01EDB4,0x4EB9,jsr_abs_l,0x000065AE
0x01EDC0,0x4EB9,jsr_abs_l,0x000065AE
0x01EDD0,0x4EB9,jsr_abs_l,0x00006432
0x01EDE6,0x4EB9,jsr_abs_l,0x000065AE
0x01EDF8,0x4EB9,jsr_abs_l,0x00006432
0x01EE04,0x4EB9,jsr_abs_l,0x0000658C
0x01EE0A,0x4EB9,jsr_abs_l,0x00004878
0x01EE16,0x4EB9,jsr_abs_l,0x000064FC
0x01EE4E,0x4EB9,jsr_abs_l,0x000064FC
0x01EE82,0x4EB9,jsr_abs_l,0x000064FC
0x01EEB6,0x4EB9,jsr_abs_l,0x000064FC
0x01EEEA,0x4EB9,jsr_abs_l,0x000064FC
0x01EF1E,0x4EB9,jsr_abs_l,0x000064FC
0x01EF52,0x4EB9,jsr_abs_l,0x000064FC
0x01EFDC,0x4EB9,jsr_abs_l,0x0000B5C8
0x01EFF2,0x4EB9,jsr_abs_l,0x0001AA0E
0x01F00E,0x4EB9,jsr_abs_l,0x00007726
0x01F01A,0x4EB9,jsr_abs_l,0x0001BECE
0x01F0BC,0x4EB9,jsr_abs_l,0x0000B5C8
0x01F0E4,0x4EB9,jsr_abs_l,0x0000B5C8
0x01F294,0x4EB9,jsr_abs_l,0x0000B5C8
0x01F2BC,0x4EB9,jsr_abs_l,0x0000B5C8
0x01F45A,0x4EB9,jsr_abs_l,0x00008ED8
0x01F46C,0x4EB9,jsr_abs_l,0x0000B4B8
0x01F48E,0x4EB9,jsr_abs_l,0x00006722
0x01F4B0,0x4EB9,jsr_abs_l,0x000053B4
0x01F4D8,0x4EB9,jsr_abs_l,0x000065AE
0x01F4E0,0x4EB9,jsr_abs_l,0x00004878
0x01F4EE,0x4EB9,jsr_abs_l,0x00006432
0x01F4FA,0x4EB9,jsr_abs_l,0x00006544
0x01F9CA,0x4EB9,jsr_abs_l,0x00004A18
0x01F9D0,0x4EB9,jsr_abs_l,0x00004A6C
0x01F9EC,0x4EB9,jsr_abs_l,0x00004A74
0x01F9FA,0x4EB9,jsr_abs_l,0x00005E70
0x01FA08,0x4EB9,jsr_abs_l,0x000053B4
0x01FA2E,0x4EB9,jsr_abs_l,0x0000485E
0x01FA4C,0x4EB9,jsr_abs_l,0x0000485E
0x01FA64,0x4EB9,jsr_abs_l,0x0000485E
0x01FA7C,0x4EB9,jsr_abs_l,0x0000485E
0x01FAD8,0x4EB9,jsr_abs_l,0x00005AB0
0x01FAF6,0x4EB9,jsr_abs_l,0x0000485E
0x01FB06,0x4EB9,jsr_abs_l,0x00005E70
0x01FB14,0x4EB9,jsr_abs_l,0x00005E70
0x01FB1A,0x4EB9,jsr_abs_l,0x00006416
0x01FB20,0x4EF9,jmp_abs_l,0x00004500
0x01FB26,0x4EB9,jsr_abs_l,0x00004878
0x01FB4A,0x4EB9,jsr_abs_l,0x00005AB0
0x01FB84,0x4EB9,jsr_abs_l,0x00006416
0x01FB92,0x4EB9,jsr_abs_l,0x000053B4
0x01FBA0,0x4EB9,jsr_abs_l,0x000053B4
0x01FBAE,0x4EB9,jsr_abs_l,0x000053B4
0x01FBBC,0x4EB9,jsr_abs_l,0x000053B4
0x01FBCA,0x4EB9,jsr_abs_l,0x00005E70
0x01FBD0,0x4EB9,jsr_abs_l,0x00006544
0x01FC08,0x4EB9,jsr_abs_l,0x000064FC
0x01FC1E,0x4EB9,jsr_abs_l,0x00006568
0x01FC5E,0x4EB9,jsr_abs_l,0x00006568
0x01FCBA,0x4EB9,jsr_abs_l,0x00005CDC
0x01FCDA,0x4EB9,jsr_abs_l,0x00005CDC
0x01FCFA,0x4EB9,jsr_abs_l,0x00005CDC
0x01FD1A,0x4EB9,jsr_abs_l,0x00005CDC
0x01FD44,0x4EB9,jsr_abs_l,0x00005AB0
0x01FD52,0x4EB9,jsr_abs_l,0x00006432
0x01FD60,0x4EB9,jsr_abs_l,0x00004878
0x01FD84,0x4EB9,jsr_abs_l,0x00005AB0
0x01FD8C,0x4EB9,jsr_abs_l,0x00006416
0x01FD9A,0x4EB9,jsr_abs_l,0x00005E70
0x01FDA8,0x4EB9,jsr_abs_l,0x00005E70
0x01FDAE,0x4EB9,jsr_abs_l,0x000064FC
0x01FDDE,0x4EB9,jsr_abs_l,0x000064FC
0x01FE0E,0x4EB9,jsr_abs_l,0x000064FC
0x01FE30,0x4EB9,jsr_abs_l,0x000064FC
0x01FE80,0x4EB9,jsr_abs_l,0x00005CDC
0x01FEA0,0x4EB9,jsr_abs_l,0x00005CDC
0x01FECA,0x4EB9,jsr_abs_l,0x00005AB0
0x01FED8,0x4EB9,jsr_abs_l,0x00004878
0x01FF06,0x4EB9,jsr_abs_l,0x00005AB0
0x01FF0E,0x4EB9,jsr_abs_l,0x00006416
0x01FF1C,0x4EB9,jsr_abs_l,0x00005E70
0x01FF2A,0x4EB9,jsr_abs_l,0x00005E70
0x01FF30,0x4EB9,jsr_abs_l,0x000064FC
0x01FF68,0x4EB9,jsr_abs_l,0x000064FC
0x01FF94,0x4EB9,jsr_abs_l,0x000064FC
0x01FFD4,0x4EB9,jsr_abs_l,0x000064FC
0x020030,0x4EB9,jsr_abs_l,0x00005CDC
0x020050,0x4EB9,jsr_abs_l,0x00005CDC
0x020056,0x4EB9,jsr_abs_l,0x000064FC
0x020074,0x4EB9,jsr_abs_l,0x000064FC
0x0200C0,0x4EB9,jsr_abs_l,0x00005AB0
0x0200CE,0x4EB9,jsr_abs_l,0x00004878
0x020134,0x4EB9,jsr_abs_l,0x000209B0
0x0201B0,0x4EB9,jsr_abs_l,0x000204AA
0x02022E,0x4EB9,jsr_abs_l,0x0000502A
0x020248,0x4EB9,jsr_abs_l,0x00006544
0x020282,0x4EB9,jsr_abs_l,0x00006544
0x0202BC,0x4EB9,jsr_abs_l,0x00006544
0x0202F6,0x4EB9,jsr_abs_l,0x00006544
0x020330,0x4EB9,jsr_abs_l,0x00006544
0x0203D0,0x4EB9,jsr_abs_l,0x00006640
0x0203D6,0x4EB9,jsr_abs_l,0x00005162
0x0203EA,0x4EB9,jsr_abs_l,0x0000502A
0x0203FA,0x4EB9,jsr_abs_l,0x0000502A
0x020420,0x4EB9,jsr_abs_l,0x0000502A
0x02042C,0x4EB9,jsr_abs_l,0x0000502A
0x020442,0x4EB9,jsr_abs_l,0x0000502A
0x020452,0x4EB9,jsr_abs_l,0x0000502A
0x02045E,0x4EB9,jsr_abs_l,0x0000502A
0x02046A,0x4EB9,jsr_abs_l,0x0000502A
0x020486,0x4EB9,jsr_abs_l,0x0000502A
0x020492,0x4EB9,jsr_abs_l,0x0000502A
0x0204BE,0x4EB9,jsr_abs_l,0x00005F7C
0x0209C4,0x4EB9,jsr_abs_l,0x00005F60
0x020B84,0x4EB9,jsr_abs_l,0x00005AB0
0x020BDE,0x4EB9,jsr_abs_l,0x0000485E
0x020C26,0x4EB9,jsr_abs_l,0x00006416
0x020C34,0x4EB9,jsr_abs_l,0x00005E70
0x020C82,0x4EB9,jsr_abs_l,0x00004878
0x020CA6,0x4EB9,jsr_abs_l,0x00005E70
0x020CC4,0x4EB9,jsr_abs_l,0x00005CDC
0x020CD8,0x4EB9,jsr_abs_l,0x0000BFCE
0x020CFE,0x4EB9,jsr_abs_l,0x00005696
0x020D10,0x4EB9,jsr_abs_l,0x0000665E
0x020D1C,0x4EB9,jsr_abs_l,0x00004A6C
0x020D46,0x4EB9,jsr_abs_l,0x00004A74
0x020D68,0x4EB9,jsr_abs_l,0x00005F60
0x020D82,0x4EB9,jsr_abs_l,0x000062BE
0x020D88,0x4EB9,jsr_abs_l,0x00005F60
0x020DA8,0x4EB9,jsr_abs_l,0x00005F60
0x020DB6,0x4EB9,jsr_abs_l,0x00005F60
0x020DD4,0x4EB9,jsr_abs_l,0x00006200
0x020DE0,0x4EB9,jsr_abs_l,0x0000485E
0x020DEC,0x4EB9,jsr_abs_l,0x0000485E
0x020DFE,0x4EB9,jsr_abs_l,0x0000485E
0x020E12,0x4EB9,jsr_abs_l,0x00005928
0x020E24,0x4EB9,jsr_abs_l,0x00005928
0x020E34,0x4EB9,jsr_abs_l,0x0000C036
0x020E54,0x4EB9,jsr_abs_l,0x0000485E
0x020E5C,0x4EB9,jsr_abs_l,0x00004878
0x020E6E,0x4EB9,jsr_abs_l,0x0000485E
0x020E76,0x4EB9,jsr_abs_l,0x00004878
0x020E7C,0x4EB9,jsr_abs_l,0x00005B3A
0x021440,0x4EB9,jsr_abs_l,0x00005CDC
0x021446,0x4EB9,jsr_abs_l,0x00004AB6
0x0214FE,0x4EB9,jsr_abs_l,0x00005CDC
0x0215D2,0x4EB9,jsr_abs_l,0x00004AB6
0x0222FA,0x4EB9,jsr_abs_l,0x00004AB6
0x0223F6,0x4EB9,jsr_abs_l,0x000235B4
0x022426,0x4EB9,jsr_abs_l,0x000235B4
0x02244C,0x4EB9,jsr_abs_l,0x000235B6
0x022492,0x4EB9,jsr_abs_l,0x000058CC
0x0224A0,0x4EB9,jsr_abs_l,0x00004AB6
0x0224C8,0x4EB9,jsr_abs_l,0x00005CDC
0x0224D2,0x4EB9,jsr_abs_l,0x00004AB6
0x022510,0x4EB9,jsr_abs_l,0x00004AB6
0x02270E,0x4EB9,jsr_abs_l,0x0000496E
0x022714,0x4EB9,jsr_abs_l,0x00005260
0x02271E,0x4EB9,jsr_abs_l,0x000052E8
0x02274C,0x4EB9,jsr_abs_l,0x000235B4
0x02277E,0x4EB9,jsr_abs_l,0x000235B4
0x0227C4,0x4EB9,jsr_abs_l,0x00005B62
0x0227CA,0x4EB9,jsr_abs_l,0x00004F50
0x0227D0,0x4EB9,jsr_abs_l,0x00004AB6
0x02281E,0x4EB9,jsr_abs_l,0x00006416
0x022844,0x4EB9,jsr_abs_l,0x00004A44
0x02284C,0x4EB9,jsr_abs_l,0x00004A18
0x0229A8,0x4EB9,jsr_abs_l,0x00005CDC
0x0229B2,0x4EB9,jsr_abs_l,0x00004AB6
0x0229D0,0x4EB9,jsr_abs_l,0x00005CDC
0x0229DA,0x4EB9,jsr_abs_l,0x00004AB6
0x022A00,0x4EB9,jsr_abs_l,0x00005CDC
0x022A16,0x4EB9,jsr_abs_l,0x000235B4
0x022A48,0x4EB9,jsr_abs_l,0x000235B4
0x022A7A,0x4EB9,jsr_abs_l,0x000235B4
0x022AAC,0x4EB9,jsr_abs_l,0x000235B4
0x022B32,0x4EF9,jmp_abs_l,0x00004442
0x022E16,0x4EB9,jsr_abs_l,0x00004AB6
0x022F12,0x4EB9,jsr_abs_l,0x000235B4
0x022F42,0x4EB9,jsr_abs_l,0x000235B4
0x022F68,0x4EB9,jsr_abs_l,0x000235B6
0x022F9E,0x4EB9,jsr_abs_l,0x00005CDC
0x022FA8,0x4EB9,jsr_abs_l,0x00005CDC
0x022FB2,0x4EB9,jsr_abs_l,0x00005CDC
0x022FBC,0x4EB9,jsr_abs_l,0x00005CDC
0x022FC6,0x4EB9,jsr_abs_l,0x00004AB6
0x022FD4,0x4EB9,jsr_abs_l,0x00005CDC
0x022FDE,0x4EB9,jsr_abs_l,0x00005CDC
0x022FE8,0x4EB9,jsr_abs_l,0x00005CDC
0x022FF2,0x4EB9,jsr_abs_l,0x00005CDC
0x023000,0x4EB9,jsr_abs_l,0x00005CDC
0x02300A,0x4EB9,jsr_abs_l,0x00005CDC
0x023014,0x4EB9,jsr_abs_l,0x00005CDC
0x02301E,0x4EB9,jsr_abs_l,0x00005CDC
0x023028,0x4EB9,jsr_abs_l,0x00005CDC
0x023032,0x4EB9,jsr_abs_l,0x00005CDC
0x02303C,0x4EB9,jsr_abs_l,0x00005CDC
0x023046,0x4EB9,jsr_abs_l,0x00005CDC
0x023050,0x4EB9,jsr_abs_l,0x00004AB6
0x023254,0x4EB9,jsr_abs_l,0x0000496E
0x023516,0x4EB9,jsr_abs_l,0x00004A6C
0x023534,0x4EB9,jsr_abs_l,0x00004A74
0x023582,0x4EB9,jsr_abs_l,0x00004A6C
0x0235A0,0x4EB9,jsr_abs_l,0x00004A74
